site_id,plot_id,ptx_stem,ptx_date_token,ptx_date,object_id,x_tls,y_tls,height_tls,area_tls,radius_m,radius_source,n_points,valid_object,object_confidence,temporal_confidence,transform_confidence,boundary_confidence_mode,source_file,source_version,variant,label_variant,run_dir,metrics_csv,tree_inventory_csv,fuels_raster,dtm_raster,chm_raster,input_ptx,Unnamed: 0,perimeter_tls,compactness,elongation,bbox_minx,bbox_miny,bbox_maxx,bbox_maxy,dedup_keep,dedup_reason,x_als,y_als,x_naip,y_naip,row,col
calaveras-big-trees,CATCU_0009_20250615_1,CATCU_0009_20250615_1,20250615,2025-06-15,1,3.04661794424735,11.7055748720663,2.984,4.356,1.1775219166608288,observed,2170,True,1.0,,1.0,uniform,/home/jovyan/work/Dry-shRub/shrub/Final/artifacts/labeling/calaveras-big-trees/sprint3/original/CATCU_0009_20250615_1/Shrubs/CATCU_0009_20250615_1.csv,sprint3_original,original,base,/home/jovyan/work/Dry-shRub/shrub/Final/artifacts/labeling/calaveras-big-trees/sprint3/original/CATCU_0009_20250615_1,/home/jovyan/work/Dry-shRub/shrub/Final/artifacts/labeling/calaveras-big-trees/sprint3/original/CATCU_0009_20250615_1/metrics/CATCU_0009_20250615_1_metrics.csv,/home/jovyan/work/Dry-shRub/shrub/Final/artifacts/labeling/calaveras-big-trees/sprint3/original/CATCU_0009_20250615_1/Inventory/CATCU_0009_20250615_1_inv.csv,/home/jovyan/work/Dry-shRub/shrub/Final/artifacts/labeling/calaveras-big-trees/sprint3/original/CATCU_0009_20250615_1/Fuels/CATCU_0009_20250615_1.tif,/home/jovyan/work/Dry-shRub/shrub/Final/artifacts/labeling/calaveras-big-trees/sprint3/original/CATCU_0009_20250615_1/dtm/CATCU_0009_20250615_1_dtm.tif,/home/jovyan/work/Dry-shRub/shrub/Final/artifacts/labeling/calaveras-big-trees/sprint3/original/CATCU_0009_20250615_1/chm/CATCU_0009_20250615_1_chm.tif,/home/jovyan/work/Dry-shRub/shrub/Final/artifacts/labeling/ptx_cache/calaveras-big-trees/CATCU_0009_20250615_1.ptx,1,7.398588405645266,1.0,,3.04661794424735,11.7055748720663,3.04661794424735,11.7055748720663,True,,743344.4163246123,4237894.44023384,743344.5011082847,4237893.365893686,48.39017718844116,33.5018471411895
calaveras-big-trees,CATCU_0009_20250615_1,CATCU_0009_20250615_1,20250615,2025-06-15,2,5.75916117422709,11.264598581088,1.707,2.119,0.8212786669720896,observed,854,True,1.0,,1.0,uniform,/home/jovyan/work/Dry-shRub/shrub/Final/artifacts/labeling/calaveras-big-trees/sprint3/original/CATCU_0009_20250615_1/Shrubs/CATCU_0009_20250615_1.csv,sprint3_original,original,base,/home/jovyan/work/Dry-shRub/shrub/Final/artifacts/labeling/calaveras-big-trees/sprint3/original/CATCU_0009_20250615_1,/home/jovyan/work/Dry-shRub/shrub/Final/artifacts/labeling/calaveras-big-trees/sprint3/original/CATCU_0009_20250615_1/metrics/CATCU_0009_20250615_1_metrics.csv,/home/jovyan/work/Dry-shRub/shrub/Final/artifacts/labeling/calaveras-big-trees/sprint3/original/CATCU_0009_20250615_1/Inventory/CATCU_0009_20250615_1_inv.csv,/home/jovyan/work/Dry-shRub/shrub/Final/artifacts/labeling/calaveras-big-trees/sprint3/original/CATCU_0009_20250615_1/Fuels/CATCU_0009_20250615_1.tif,/home/jovyan/work/Dry-shRub/shrub/Final/artifacts/labeling/calaveras-big-trees/sprint3/original/CATCU_0009_20250615_1/dtm/CATCU_0009_20250615_1_dtm.tif,/home/jovyan/work/Dry-shRub/shrub/Final/artifacts/labeling/calaveras-big-trees/sprint3/original/CATCU_0009_20250615_1/chm/CATCU_0009_20250615_1_chm.tif,/home/jovyan/work/Dry-shRub/shrub/Final/artifacts/labeling/ptx_cache/calaveras-big-trees/CATCU_0009_20250615_1.ptx,2,5.16024605341907,1.0000000000000002,,5.75916117422709,11.264598581088,5.75916117422709,11.264598581088,True,,743344.4490777778,4237897.188083922,743344.5338879533,4237896.113754473,43.81040921062231,33.55647992226295
calaveras-big-trees,CATCU_0009_20250615_1,CATCU_0009_20250615_1,20250615,2025-06-15,3,9.1139821427673,9.33350135415461,2.987,0.199,0.2516816786152189,observed,46,True,0.8,,1.0,uniform,/home/jovyan/work/Dry-shRub/shrub/Final/artifacts/labeling/calaveras-big-trees/sprint3/original/CATCU_0009_20250615_1/Shrubs/CATCU_0009_20250615_1.csv,sprint3_original,original,base,/home/jovyan/work/Dry-shRub/shrub/Final/artifacts/labeling/calaveras-big-trees/sprint3/original/CATCU_0009_20250615_1,/home/jovyan/work/Dry-shRub/shrub/Final/artifacts/labeling/calaveras-big-trees/sprint3/original/CATCU_0009_20250615_1/metrics/CATCU_0009_20250615_1_metrics.csv,/home/jovyan/work/Dry-shRub/shrub/Final/artifacts/labeling/calaveras-big-trees/sprint3/original/CATCU_0009_20250615_1/Inventory/CATCU_0009_20250615_1_inv.csv,/home/jovyan/work/Dry-shRub/shrub/Final/artifacts/labeling/calaveras-big-trees/sprint3/original/CATCU_0009_20250615_1/Fuels/CATCU_0009_20250615_1.tif,/home/jovyan/work/Dry-shRub/shrub/Final/artifacts/labeling/calaveras-big-trees/sprint3/original/CATCU_0009_20250615_1/dtm/CATCU_0009_20250615_1_dtm.tif,/home/jovyan/work/Dry-shRub/shrub/Final/artifacts/labeling/calaveras-big-trees/sprint3/original/CATCU_0009_20250615_1/chm/CATCU_0009_20250615_1_chm.tif,/home/jovyan/work/Dry-shRub/shrub/Final/artifacts/labeling/ptx_cache/calaveras-big-trees/CATCU_0009_20250615_1.ptx,3,1.5813626251614383,1.0,,9.1139821427673,9.33350135415461,9.1139821427673,9.33350135415461,True,,743345.8598115206,4237900.792471937,743345.9446541374,4237899.71815542,37.80307429842651,35.90775689575821
calaveras-big-trees,CATCU_0009_20250615_1,CATCU_0009_20250615_1,20250615,2025-06-15,4,-8.06264036576196,7.61765043731263,2.994,1.773,0.7512412583210941,observed,455,True,1.0,,1.0,uniform,/home/jovyan/work/Dry-shRub/shrub/Final/artifacts/labeling/calaveras-big-trees/sprint3/original/CATCU_0009_20250615_1/Shrubs/CATCU_0009_20250615_1.csv,sprint3_original,original,base,/home/jovyan/work/Dry-shRub/shrub/Final/artifacts/labeling/calaveras-big-trees/sprint3/original/CATCU_0009_20250615_1,/home/jovyan/work/Dry-shRub/shrub/Final/artifacts/labeling/calaveras-big-trees/sprint3/original/CATCU_0009_20250615_1/metrics/CATCU_0009_20250615_1_metrics.csv,/home/jovyan/work/Dry-shRub/shrub/Final/artifacts/labeling/calaveras-big-trees/sprint3/original/CATCU_0009_20250615_1/Inventory/CATCU_0009_20250615_1_inv.csv,/home/jovyan/work/Dry-shRub/shrub/Final/artifacts/labeling/calaveras-big-trees/sprint3/original/CATCU_0009_20250615_1/Fuels/CATCU_0009_20250615_1.tif,/home/jovyan/work/Dry-shRub/shrub/Final/artifacts/labeling/calaveras-big-trees/sprint3/original/CATCU_0009_20250615_1/dtm/CATCU_0009_20250615_1_dtm.tif,/home/jovyan/work/Dry-shRub/shrub/Final/artifacts/labeling/calaveras-big-trees/sprint3/original/CATCU_0009_20250615_1/chm/CATCU_0009_20250615_1_chm.tif,/home/jovyan/work/Dry-shRub/shrub/Final/artifacts/labeling/ptx_cache/calaveras-big-trees/CATCU_0009_20250615_1.ptx,4,4.720188036430203,1.0,,-8.06264036576196,7.61765043731263,-8.06264036576196,7.61765043731263,True,,743350.1102856767,4237884.0621497,743350.1949593765,4237882.987764427,65.6870592860505,42.99159896094352
calaveras-big-trees,CATCU_0009_20250615_1,CATCU_0009_20250615_1,20250615,2025-06-15,5,-1.66638007425369,7.42612168105663,2.997,0.177,0.2373622755505409,observed,74,True,0.8,,1.0,uniform,/home/jovyan/work/Dry-shRub/shrub/Final/artifacts/labeling/calaveras-big-trees/sprint3/original/CATCU_0009_20250615_1/Shrubs/CATCU_0009_20250615_1.csv,sprint3_original,original,base,/home/jovyan/work/Dry-shRub/shrub/Final/artifacts/labeling/calaveras-big-trees/sprint3/original/CATCU_0009_20250615_1,/home/jovyan/work/Dry-shRub/shrub/Final/artifacts/labeling/calaveras-big-trees/sprint3/original/CATCU_0009_20250615_1/metrics/CATCU_0009_20250615_1_metrics.csv,/home/jovyan/work/Dry-shRub/shrub/Final/artifacts/labeling/calaveras-big-trees/sprint3/original/CATCU_0009_20250615_1/Inventory/CATCU_0009_20250615_1_inv.csv,/home/jovyan/work/Dry-shRub/shrub/Final/artifacts/labeling/calaveras-big-trees/sprint3/original/CATCU_0009_20250615_1/Fuels/CATCU_0009_20250615_1.tif,/home/jovyan/work/Dry-shRub/shrub/Final/artifacts/labeling/calaveras-big-trees/sprint3/original/CATCU_0009_20250615_1/dtm/CATCU_0009_20250615_1_dtm.tif,/home/jovyan/work/Dry-shRub/shrub/Final/artifacts/labeling/calaveras-big-trees/sprint3/original/CATCU_0009_20250615_1/chm/CATCU_0009_20250615_1_chm.tif,/home/jovyan/work/Dry-shRub/shrub/Final/artifacts/labeling/ptx_cache/calaveras-big-trees/CATCU_0009_20250615_1.ptx,5,1.4913911622178715,1.0,,-1.66638007425369,7.42612168105663,-1.66638007425369,7.42612168105663,True,,743349.3486889896,4237890.415615864,743349.4334253793,4237889.341256017,55.09790663700551,41.72237563226372
calaveras-big-trees,CATCU_0009_20250615_1,CATCU_0009_20250615_1,20250615,2025-06-15,6,9.31056812860216,8.64336138227997,2.97,0.105,0.1828183197857862,observed,62,True,0.8,,1.0,uniform,/home/jovyan/work/Dry-shRub/shrub/Final/artifacts/labeling/calaveras-big-trees/sprint3/original/CATCU_0009_20250615_1/Shrubs/CATCU_0009_20250615_1.csv,sprint3_original,original,base,/home/jovyan/work/Dry-shRub/shrub/Final/artifacts/labeling/calaveras-big-trees/sprint3/original/CATCU_0009_20250615_1,/home/jovyan/work/Dry-shRub/shrub/Final/artifacts/labeling/calaveras-big-trees/sprint3/original/CATCU_0009_20250615_1/metrics/CATCU_0009_20250615_1_metrics.csv,/home/jovyan/work/Dry-shRub/shrub/Final/artifacts/labeling/calaveras-big-trees/sprint3/original/CATCU_0009_20250615_1/Inventory/CATCU_0009_20250615_1_inv.csv,/home/jovyan/work/Dry-shRub/shrub/Final/artifacts/labeling/calaveras-big-trees/sprint3/original/CATCU_0009_20250615_1/Fuels/CATCU_0009_20250615_1.tif,/home/jovyan/work/Dry-shRub/shrub/Final/artifacts/labeling/calaveras-big-trees/sprint3/original/CATCU_0009_20250615_1/dtm/CATCU_0009_20250615_1_dtm.tif,/home/jovyan/work/Dry-shRub/shrub/Final/artifacts/labeling/calaveras-big-trees/sprint3/original/CATCU_0009_20250615_1/chm/CATCU_0009_20250615_1_chm.tif,/home/jovyan/work/Dry-shRub/shrub/Final/artifacts/labeling/ptx_cache/calaveras-big-trees/CATCU_0009_20250615_1.ptx,6,1.1486813807613114,1.0,,9.31056812860216,8.64336138227997,9.31056812860216,8.64336138227997,True,,743346.5130132039,4237901.089414953,743346.5978575778,4237900.015099068,37.30816821847111,36.99642929644324
calaveras-big-trees,CATCU_0009_20250615_1,CATCU_0009_20250615_1,20250615,2025-06-15,7,10.8655280570823,5.96553402856656,1.733,0.066,0.144942928382623,observed,15,True,0.8,,1.0,uniform,/home/jovyan/work/Dry-shRub/shrub/Final/artifacts/labeling/calaveras-big-trees/sprint3/original/CATCU_0009_20250615_1/Shrubs/CATCU_0009_20250615_1.csv,sprint3_original,original,base,/home/jovyan/work/Dry-shRub/shrub/Final/artifacts/labeling/calaveras-big-trees/sprint3/original/CATCU_0009_20250615_1,/home/jovyan/work/Dry-shRub/shrub/Final/artifacts/labeling/calaveras-big-trees/sprint3/original/CATCU_0009_20250615_1/metrics/CATCU_0009_20250615_1_metrics.csv,/home/jovyan/work/Dry-shRub/shrub/Final/artifacts/labeling/calaveras-big-trees/sprint3/original/CATCU_0009_20250615_1/Inventory/CATCU_0009_20250615_1_inv.csv,/home/jovyan/work/Dry-shRub/shrub/Final/artifacts/labeling/calaveras-big-trees/sprint3/original/CATCU_0009_20250615_1/Fuels/CATCU_0009_20250615_1.tif,/home/jovyan/work/Dry-shRub/shrub/Final/artifacts/labeling/calaveras-big-trees/sprint3/original/CATCU_0009_20250615_1/dtm/CATCU_0009_20250615_1_dtm.tif,/home/jovyan/work/Dry-shRub/shrub/Final/artifacts/labeling/calaveras-big-trees/sprint3/original/CATCU_0009_20250615_1/chm/CATCU_0009_20250615_1_chm.tif,/home/jovyan/work/Dry-shRub/shrub/Final/artifacts/labeling/ptx_cache/calaveras-big-trees/CATCU_0009_20250615_1.ptx,7,0.91070327799328,1.0,,10.8655280570823,5.96553402856656,10.8655280570823,5.96553402856656,True,,743348.9297350971,4237903.024947655,743349.0145940715,4237901.950637374,34.0822710422799,41.02432345272973
calaveras-big-trees,CATCU_0009_20250615_1,CATCU_0009_20250615_1,20250615,2025-06-15,8,8.27668354677724,5.58172741983939,2.086,4.326,1.1734600835269509,observed,6854,True,1.0,,1.0,uniform,/home/jovyan/work/Dry-shRub/shrub/Final/artifacts/labeling/calaveras-big-trees/sprint3/original/CATCU_0009_20250615_1/Shrubs/CATCU_0009_20250615_1.csv,sprint3_original,original,base,/home/jovyan/work/Dry-shRub/shrub/Final/artifacts/labeling/calaveras-big-trees/sprint3/original/CATCU_0009_20250615_1,/home/jovyan/work/Dry-shRub/shrub/Final/artifacts/labeling/calaveras-big-trees/sprint3/original/CATCU_0009_20250615_1/metrics/CATCU_0009_20250615_1_metrics.csv,/home/jovyan/work/Dry-shRub/shrub/Final/artifacts/labeling/calaveras-big-trees/sprint3/original/CATCU_0009_20250615_1/Inventory/CATCU_0009_20250615_1_inv.csv,/home/jovyan/work/Dry-shRub/shrub/Final/artifacts/labeling/calaveras-big-trees/sprint3/original/CATCU_0009_20250615_1/Fuels/CATCU_0009_20250615_1.tif,/home/jovyan/work/Dry-shRub/shrub/Final/artifacts/labeling/calaveras-big-trees/sprint3/original/CATCU_0009_20250615_1/dtm/CATCU_0009_20250615_1_dtm.tif,/home/jovyan/work/Dry-shRub/shrub/Final/artifacts/labeling/calaveras-big-trees/sprint3/original/CATCU_0009_20250615_1/chm/CATCU_0009_20250615_1_chm.tif,/home/jovyan/work/Dry-shRub/shrub/Final/artifacts/labeling/ptx_cache/calaveras-big-trees/CATCU_0009_20250615_1.ptx,8,7.373067155378267,1.0,,8.27668354677724,5.58172741983939,8.27668354677724,5.58172741983939,True,,743349.6941590819,4237900.521971684,743349.7789925612,4237899.447651015,38.25391497462988,42.2983209353406
calaveras-big-trees,CATCU_0009_20250615_1,CATCU_0009_20250615_1,20250615,2025-06-15,9,-2.73153136758742,1.95296157106773,2.998,4.43,1.187481703351337,observed,32582,True,1.0,,1.0,uniform,/home/jovyan/work/Dry-shRub/shrub/Final/artifacts/labeling/calaveras-big-trees/sprint3/original/CATCU_0009_20250615_1/Shrubs/CATCU_0009_20250615_1.csv,sprint3_original,original,base,/home/jovyan/work/Dry-shRub/shrub/Final/artifacts/labeling/calaveras-big-trees/sprint3/original/CATCU_0009_20250615_1,/home/jovyan/work/Dry-shRub/shrub/Final/artifacts/labeling/calaveras-big-trees/sprint3/original/CATCU_0009_20250615_1/metrics/CATCU_0009_20250615_1_metrics.csv,/home/jovyan/work/Dry-shRub/shrub/Final/artifacts/labeling/calaveras-big-trees/sprint3/original/CATCU_0009_20250615_1/Inventory/CATCU_0009_20250615_1_inv.csv,/home/jovyan/work/Dry-shRub/shrub/Final/artifacts/labeling/calaveras-big-trees/sprint3/original/CATCU_0009_20250615_1/Fuels/CATCU_0009_20250615_1.tif,/home/jovyan/work/Dry-shRub/shrub/Final/artifacts/labeling/calaveras-big-trees/sprint3/original/CATCU_0009_20250615_1/dtm/CATCU_0009_20250615_1_dtm.tif,/home/jovyan/work/Dry-shRub/shrub/Final/artifacts/labeling/calaveras-big-trees/sprint3/original/CATCU_0009_20250615_1/chm/CATCU_0009_20250615_1_chm.tif,/home/jovyan/work/Dry-shRub/shrub/Final/artifacts/labeling/ptx_cache/calaveras-big-trees/CATCU_0009_20250615_1.ptx,9,7.461167591041709,1.0,,-2.73153136758742,1.95296157106773,-2.73153136758742,1.95296157106773,True,,743354.9190682814,4237890.175579584,743355.0037928869,4237889.101214317,55.49797613732517,51.00632147816941
calaveras-big-trees,CATCU_0009_20250615_1,CATCU_0009_20250615_1,20250615,2025-06-15,10,1.7350935300618,1.74155496403159,2.111,2.201,0.8370185538508231,observed,32125,True,1.0,,1.0,uniform,/home/jovyan/work/Dry-shRub/shrub/Final/artifacts/labeling/calaveras-big-trees/sprint3/original/CATCU_0009_20250615_1/Shrubs/CATCU_0009_20250615_1.csv,sprint3_original,original,base,/home/jovyan/work/Dry-shRub/shrub/Final/artifacts/labeling/calaveras-big-trees/sprint3/original/CATCU_0009_20250615_1,/home/jovyan/work/Dry-shRub/shrub/Final/artifacts/labeling/calaveras-big-trees/sprint3/original/CATCU_0009_20250615_1/metrics/CATCU_0009_20250615_1_metrics.csv,/home/jovyan/work/Dry-shRub/shrub/Final/artifacts/labeling/calaveras-big-trees/sprint3/original/CATCU_0009_20250615_1/Inventory/CATCU_0009_20250615_1_inv.csv,/home/jovyan/work/Dry-shRub/shrub/Final/artifacts/labeling/calaveras-big-trees/sprint3/original/CATCU_0009_20250615_1/Fuels/CATCU_0009_20250615_1.tif,/home/jovyan/work/Dry-shRub/shrub/Final/artifacts/labeling/calaveras-big-trees/sprint3/original/CATCU_0009_20250615_1/dtm/CATCU_0009_20250615_1_dtm.tif,/home/jovyan/work/Dry-shRub/shrub/Final/artifacts/labeling/calaveras-big-trees/sprint3/original/CATCU_0009_20250615_1/chm/CATCU_0009_20250615_1_chm.tif,/home/jovyan/work/Dry-shRub/shrub/Final/artifacts/labeling/ptx_cache/calaveras-big-trees/CATCU_0009_20250615_1.ptx,10,5.259142679392197,1.0,,1.7350935300618,1.74155496403159,1.7350935300618,1.74155496403159,True,,743354.464022459,4237894.62385975,743354.5487908239,4237893.549512216,48.08414630591869,50.24798470665701
calaveras-big-trees,CATCU_0009_20250615_1,CATCU_0009_20250615_1,20250615,2025-06-15,11,1.2457893177533,-3.02641102504574,2.999,4.467,1.1924304011484246,observed,28094,True,1.0,,1.0,uniform,/home/jovyan/work/Dry-shRub/shrub/Final/artifacts/labeling/calaveras-big-trees/sprint3/original/CATCU_0009_20250615_1/Shrubs/CATCU_0009_20250615_1.csv,sprint3_original,original,base,/home/jovyan/work/Dry-shRub/shrub/Final/artifacts/labeling/calaveras-big-trees/sprint3/original/CATCU_0009_20250615_1,/home/jovyan/work/Dry-shRub/shrub/Final/artifacts/labeling/calaveras-big-trees/sprint3/original/CATCU_0009_20250615_1/metrics/CATCU_0009_20250615_1_metrics.csv,/home/jovyan/work/Dry-shRub/shrub/Final/artifacts/labeling/calaveras-big-trees/sprint3/original/CATCU_0009_20250615_1/Inventory/CATCU_0009_20250615_1_inv.csv,/home/jovyan/work/Dry-shRub/shrub/Final/artifacts/labeling/calaveras-big-trees/sprint3/original/CATCU_0009_20250615_1/Fuels/CATCU_0009_20250615_1.tif,/home/jovyan/work/Dry-shRub/shrub/Final/artifacts/labeling/calaveras-big-trees/sprint3/original/CATCU_0009_20250615_1/dtm/CATCU_0009_20250615_1_dtm.tif,/home/jovyan/work/Dry-shRub/shrub/Final/artifacts/labeling/calaveras-big-trees/sprint3/original/CATCU_0009_20250615_1/chm/CATCU_0009_20250615_1_chm.tif,/home/jovyan/work/Dry-shRub/shrub/Final/artifacts/labeling/ptx_cache/calaveras-big-trees/CATCU_0009_20250615_1.ptx,11,7.492261176330041,1.0000000000000002,,1.2457893177533,-3.02641102504574,1.2457893177533,-3.02641102504574,True,,743359.2514699961,4237894.848471887,743359.33623239,4237893.774121379,47.70979770086706,58.22705398336984
calaveras-big-trees,CATCU_0009_20250615_1,CATCU_0009_20250615_1,20250615,2025-06-15,12,-5.59380949647159,-12.4350666774092,2.265,0.766,0.4937867685720059,observed,617,True,1.0,,1.0,uniform,/home/jovyan/work/Dry-shRub/shrub/Final/artifacts/labeling/calaveras-big-trees/sprint3/original/CATCU_0009_20250615_1/Shrubs/CATCU_0009_20250615_1.csv,sprint3_original,original,base,/home/jovyan/work/Dry-shRub/shrub/Final/artifacts/labeling/calaveras-big-trees/sprint3/original/CATCU_0009_20250615_1,/home/jovyan/work/Dry-shRub/shrub/Final/artifacts/labeling/calaveras-big-trees/sprint3/original/CATCU_0009_20250615_1/metrics/CATCU_0009_20250615_1_metrics.csv,/home/jovyan/work/Dry-shRub/shrub/Final/artifacts/labeling/calaveras-big-trees/sprint3/original/CATCU_0009_20250615_1/Inventory/CATCU_0009_20250615_1_inv.csv,/home/jovyan/work/Dry-shRub/shrub/Final/artifacts/labeling/calaveras-big-trees/sprint3/original/CATCU_0009_20250615_1/Fuels/CATCU_0009_20250615_1.tif,/home/jovyan/work/Dry-shRub/shrub/Final/artifacts/labeling/calaveras-big-trees/sprint3/original/CATCU_0009_20250615_1/dtm/CATCU_0009_20250615_1_dtm.tif,/home/jovyan/work/Dry-shRub/shrub/Final/artifacts/labeling/calaveras-big-trees/sprint3/original/CATCU_0009_20250615_1/chm/CATCU_0009_20250615_1_chm.tif,/home/jovyan/work/Dry-shRub/shrub/Final/artifacts/labeling/ptx_cache/calaveras-big-trees/CATCU_0009_20250615_1.ptx,12,3.1025537691713136,1.0000000000000002,,-5.59380949647159,-12.4350666774092,-5.59380949647159,-12.4350666774092,True,,743369.5719132951,4237889.483084275,743369.6566063003,4237888.408704558,56.65215906780213,75.42767716711387
calaveras-big-trees,CATCU_0009_20250615_1,CATCU_0009_20250615_1,20250615,2025-06-15,4,-8.25818349421453,11.7360697988012,0.881,0.184,0.2420103697319961,observed,144,True,1.0,,1.0,uniform,/home/jovyan/work/Dry-shRub/shrub/Final/artifacts/labeling/calaveras-big-trees/sprint3/revised/CATCU_0009_20250615_1/Shrubs/CATCU_0009_20250615_1.csv,sprint3_revised,revised,base,/home/jovyan/work/Dry-shRub/shrub/Final/artifacts/labeling/calaveras-big-trees/sprint3/revised/CATCU_0009_20250615_1,/home/jovyan/work/Dry-shRub/shrub/Final/artifacts/labeling/calaveras-big-trees/sprint3/revised/CATCU_0009_20250615_1/metrics/CATCU_0009_20250615_1_metrics.csv,/home/jovyan/work/Dry-shRub/shrub/Final/artifacts/labeling/calaveras-big-trees/sprint3/revised/CATCU_0009_20250615_1/Inventory/CATCU_0009_20250615_1_inv.csv,/home/jovyan/work/Dry-shRub/shrub/Final/artifacts/labeling/calaveras-big-trees/sprint3/revised/CATCU_0009_20250615_1/Fuels/CATCU_0009_20250615_1.tif,/home/jovyan/work/Dry-shRub/shrub/Final/artifacts/labeling/calaveras-big-trees/sprint3/revised/CATCU_0009_20250615_1/dtm/CATCU_0009_20250615_1_dtm.tif,/home/jovyan/work/Dry-shRub/shrub/Final/artifacts/labeling/calaveras-big-trees/sprint3/revised/CATCU_0009_20250615_1/chm/CATCU_0009_20250615_1_chm.tif,/home/jovyan/work/Dry-shRub/shrub/Final/artifacts/labeling/ptx_cache/calaveras-big-trees/CATCU_0009_20250615_1.ptx,1,1.5205959992851776,1.0,,-8.25818349421453,11.7360697988012,-8.25818349421453,11.7360697988012,True,,743346.0669500746,4237883.256834542,743346.1516228556,4237882.182449377,71.02925103809685,36.25270475936122
calaveras-big-trees,CATCU_0009_20250615_1,CATCU_0009_20250615_1,20250615,2025-06-15,6,5.75916117422709,11.264598581088,1.707,2.119,0.8212786669720896,observed,854,True,1.0,,1.0,uniform,/home/jovyan/work/Dry-shRub/shrub/Final/artifacts/labeling/calaveras-big-trees/sprint3/revised/CATCU_0009_20250615_1/Shrubs/CATCU_0009_20250615_1.csv,sprint3_revised,revised,base,/home/jovyan/work/Dry-shRub/shrub/Final/artifacts/labeling/calaveras-big-trees/sprint3/revised/CATCU_0009_20250615_1,/home/jovyan/work/Dry-shRub/shrub/Final/artifacts/labeling/calaveras-big-trees/sprint3/revised/CATCU_0009_20250615_1/metrics/CATCU_0009_20250615_1_metrics.csv,/home/jovyan/work/Dry-shRub/shrub/Final/artifacts/labeling/calaveras-big-trees/sprint3/revised/CATCU_0009_20250615_1/Inventory/CATCU_0009_20250615_1_inv.csv,/home/jovyan/work/Dry-shRub/shrub/Final/artifacts/labeling/calaveras-big-trees/sprint3/revised/CATCU_0009_20250615_1/Fuels/CATCU_0009_20250615_1.tif,/home/jovyan/work/Dry-shRub/shrub/Final/artifacts/labeling/calaveras-big-trees/sprint3/revised/CATCU_0009_20250615_1/dtm/CATCU_0009_20250615_1_dtm.tif,/home/jovyan/work/Dry-shRub/shrub/Final/artifacts/labeling/calaveras-big-trees/sprint3/revised/CATCU_0009_20250615_1/chm/CATCU_0009_20250615_1_chm.tif,/home/jovyan/work/Dry-shRub/shrub/Final/artifacts/labeling/ptx_cache/calaveras-big-trees/CATCU_0009_20250615_1.ptx,2,5.16024605341907,1.0000000000000002,,5.75916117422709,11.264598581088,5.75916117422709,11.264598581088,True,,743344.4490777778,4237897.188083922,743344.5338879533,4237896.113754473,47.81040921155363,33.55647992226295
calaveras-big-trees,CATCU_0009_20250615_1,CATCU_0009_20250615_1,20250615,2025-06-15,13,-3.77664885915251,6.23654805032868,0.614,0.199,0.2516816786152189,observed,568,True,1.0,,1.0,uniform,/home/jovyan/work/Dry-shRub/shrub/Final/artifacts/labeling/calaveras-big-trees/sprint3/revised/CATCU_0009_20250615_1/Shrubs/CATCU_0009_20250615_1.csv,sprint3_revised,revised,base,/home/jovyan/work/Dry-shRub/shrub/Final/artifacts/labeling/calaveras-big-trees/sprint3/revised/CATCU_0009_20250615_1,/home/jovyan/work/Dry-shRub/shrub/Final/artifacts/labeling/calaveras-big-trees/sprint3/revised/CATCU_0009_20250615_1/metrics/CATCU_0009_20250615_1_metrics.csv,/home/jovyan/work/Dry-shRub/shrub/Final/artifacts/labeling/calaveras-big-trees/sprint3/revised/CATCU_0009_20250615_1/Inventory/CATCU_0009_20250615_1_inv.csv,/home/jovyan/work/Dry-shRub/shrub/Final/artifacts/labeling/calaveras-big-trees/sprint3/revised/CATCU_0009_20250615_1/Fuels/CATCU_0009_20250615_1.tif,/home/jovyan/work/Dry-shRub/shrub/Final/artifacts/labeling/calaveras-big-trees/sprint3/revised/CATCU_0009_20250615_1/dtm/CATCU_0009_20250615_1_dtm.tif,/home/jovyan/work/Dry-shRub/shrub/Final/artifacts/labeling/calaveras-big-trees/sprint3/revised/CATCU_0009_20250615_1/chm/CATCU_0009_20250615_1_chm.tif,/home/jovyan/work/Dry-shRub/shrub/Final/artifacts/labeling/ptx_cache/calaveras-big-trees/CATCU_0009_20250615_1.ptx,3,1.5813626251614383,1.0,,-3.77664885915251,6.23654805032868,-3.77664885915251,6.23654805032868,True,,743350.8387241487,4237888.505612203,743350.9234395496,4237887.431243698,62.281260502524674,44.20573258283548
calaveras-big-trees,CATCU_0009_20250615_1,CATCU_0009_20250615_1,20250615,2025-06-15,16,-0.260977907466458,5.10301142329984,0.765,0.083,0.1625414425715935,observed,267,True,1.0,,1.0,uniform,/home/jovyan/work/Dry-shRub/shrub/Final/artifacts/labeling/calaveras-big-trees/sprint3/revised/CATCU_0009_20250615_1/Shrubs/CATCU_0009_20250615_1.csv,sprint3_revised,revised,base,/home/jovyan/work/Dry-shRub/shrub/Final/artifacts/labeling/calaveras-big-trees/sprint3/revised/CATCU_0009_20250615_1,/home/jovyan/work/Dry-shRub/shrub/Final/artifacts/labeling/calaveras-big-trees/sprint3/revised/CATCU_0009_20250615_1/metrics/CATCU_0009_20250615_1_metrics.csv,/home/jovyan/work/Dry-shRub/shrub/Final/artifacts/labeling/calaveras-big-trees/sprint3/revised/CATCU_0009_20250615_1/Inventory/CATCU_0009_20250615_1_inv.csv,/home/jovyan/work/Dry-shRub/shrub/Final/artifacts/labeling/calaveras-big-trees/sprint3/revised/CATCU_0009_20250615_1/Fuels/CATCU_0009_20250615_1.tif,/home/jovyan/work/Dry-shRub/shrub/Final/artifacts/labeling/calaveras-big-trees/sprint3/revised/CATCU_0009_20250615_1/dtm/CATCU_0009_20250615_1_dtm.tif,/home/jovyan/work/Dry-shRub/shrub/Final/artifacts/labeling/calaveras-big-trees/sprint3/revised/CATCU_0009_20250615_1/chm/CATCU_0009_20250615_1_chm.tif,/home/jovyan/work/Dry-shRub/shrub/Final/artifacts/labeling/ptx_cache/calaveras-big-trees/CATCU_0009_20250615_1.ptx,4,1.0212780037736109,1.0000000000000002,,-0.260977907466458,5.10301142329984,-0.260977907466458,5.10301142329984,True,,743351.4368926714,4237892.150549917,743351.52164228,4237891.076195162,56.20634139701724,45.202737133484334
calaveras-big-trees,CATCU_0009_20250615_1,CATCU_0009_20250615_1,20250615,2025-06-15,17,13.5482569807538,5.15977659793573,1.211,0.855,0.5216847253726536,observed,357,True,1.0,,1.0,uniform,/home/jovyan/work/Dry-shRub/shrub/Final/artifacts/labeling/calaveras-big-trees/sprint3/revised/CATCU_0009_20250615_1/Shrubs/CATCU_0009_20250615_1.csv,sprint3_revised,revised,base,/home/jovyan/work/Dry-shRub/shrub/Final/artifacts/labeling/calaveras-big-trees/sprint3/revised/CATCU_0009_20250615_1,/home/jovyan/work/Dry-shRub/shrub/Final/artifacts/labeling/calaveras-big-trees/sprint3/revised/CATCU_0009_20250615_1/metrics/CATCU_0009_20250615_1_metrics.csv,/home/jovyan/work/Dry-shRub/shrub/Final/artifacts/labeling/calaveras-big-trees/sprint3/revised/CATCU_0009_20250615_1/Inventory/CATCU_0009_20250615_1_inv.csv,/home/jovyan/work/Dry-shRub/shrub/Final/artifacts/labeling/calaveras-big-trees/sprint3/revised/CATCU_0009_20250615_1/Fuels/CATCU_0009_20250615_1.tif,/home/jovyan/work/Dry-shRub/shrub/Final/artifacts/labeling/calaveras-big-trees/sprint3/revised/CATCU_0009_20250615_1/dtm/CATCU_0009_20250615_1_dtm.tif,/home/jovyan/work/Dry-shRub/shrub/Final/artifacts/labeling/calaveras-big-trees/sprint3/revised/CATCU_0009_20250615_1/chm/CATCU_0009_20250615_1_chm.tif,/home/jovyan/work/Dry-shRub/shrub/Final/artifacts/labeling/ptx_cache/calaveras-big-trees/CATCU_0009_20250615_1.ptx,5,3.2778418014414745,1.0000000000000002,,13.5482569807538,5.15977659793573,13.5482569807538,5.15977659793573,True,,743349.3276268335,4237905.797517891,743349.412511929,4237904.723218109,33.46130315028131,41.68751988187432
calaveras-big-trees,CATCU_0009_20250615_1,CATCU_0009_20250615_1,20250615,2025-06-15,19,1.74382077713732,3.75390846407861,0.454,0.24,0.2763953195770683,observed,2669,True,1.0,,1.0,uniform,/home/jovyan/work/Dry-shRub/shrub/Final/artifacts/labeling/calaveras-big-trees/sprint3/revised/CATCU_0009_20250615_1/Shrubs/CATCU_0009_20250615_1.csv,sprint3_revised,revised,base,/home/jovyan/work/Dry-shRub/shrub/Final/artifacts/labeling/calaveras-big-trees/sprint3/revised/CATCU_0009_20250615_1,/home/jovyan/work/Dry-shRub/shrub/Final/artifacts/labeling/calaveras-big-trees/sprint3/revised/CATCU_0009_20250615_1/metrics/CATCU_0009_20250615_1_metrics.csv,/home/jovyan/work/Dry-shRub/shrub/Final/artifacts/labeling/calaveras-big-trees/sprint3/revised/CATCU_0009_20250615_1/Inventory/CATCU_0009_20250615_1_inv.csv,/home/jovyan/work/Dry-shRub/shrub/Final/artifacts/labeling/calaveras-big-trees/sprint3/revised/CATCU_0009_20250615_1/Fuels/CATCU_0009_20250615_1.tif,/home/jovyan/work/Dry-shRub/shrub/Final/artifacts/labeling/calaveras-big-trees/sprint3/revised/CATCU_0009_20250615_1/dtm/CATCU_0009_20250615_1_dtm.tif,/home/jovyan/work/Dry-shRub/shrub/Final/artifacts/labeling/calaveras-big-trees/sprint3/revised/CATCU_0009_20250615_1/chm/CATCU_0009_20250615_1_chm.tif,/home/jovyan/work/Dry-shRub/shrub/Final/artifacts/labeling/ptx_cache/calaveras-big-trees/CATCU_0009_20250615_1.ptx,6,1.7366430109398423,1.0,,1.74382077713732,3.75390846407861,1.74382077713732,3.75390846407861,True,,743352.4728532924,4237894.333476902,743352.5576222376,4237893.259129833,52.56811694428325,46.929370396072045
calaveras-big-trees,CATCU_0009_20250615_1,CATCU_0009_20250615_1,20250615,2025-06-15,21,4.66668480302233,2.60060621573515,0.597,1.192,0.6159751491181105,observed,2965,True,1.0,,1.0,uniform,/home/jovyan/work/Dry-shRub/shrub/Final/artifacts/labeling/calaveras-big-trees/sprint3/revised/CATCU_0009_20250615_1/Shrubs/CATCU_0009_20250615_1.csv,sprint3_revised,revised,base,/home/jovyan/work/Dry-shRub/shrub/Final/artifacts/labeling/calaveras-big-trees/sprint3/revised/CATCU_0009_20250615_1,/home/jovyan/work/Dry-shRub/shrub/Final/artifacts/labeling/calaveras-big-trees/sprint3/revised/CATCU_0009_20250615_1/metrics/CATCU_0009_20250615_1_metrics.csv,/home/jovyan/work/Dry-shRub/shrub/Final/artifacts/labeling/calaveras-big-trees/sprint3/revised/CATCU_0009_20250615_1/Inventory/CATCU_0009_20250615_1_inv.csv,/home/jovyan/work/Dry-shRub/shrub/Final/artifacts/labeling/calaveras-big-trees/sprint3/revised/CATCU_0009_20250615_1/Fuels/CATCU_0009_20250615_1.tif,/home/jovyan/work/Dry-shRub/shrub/Final/artifacts/labeling/calaveras-big-trees/sprint3/revised/CATCU_0009_20250615_1/dtm/CATCU_0009_20250615_1_dtm.tif,/home/jovyan/work/Dry-shRub/shrub/Final/artifacts/labeling/calaveras-big-trees/sprint3/revised/CATCU_0009_20250615_1/chm/CATCU_0009_20250615_1_chm.tif,/home/jovyan/work/Dry-shRub/shrub/Final/artifacts/labeling/ptx_cache/calaveras-big-trees/CATCU_0009_20250615_1.ptx,7,3.8702860065266655,1.0000000000000002,,4.66668480302233,2.60060621573515,4.66668480302233,2.60060621573515,True,,743353.1787041967,4237897.395148394,743353.2635015303,4237896.32081271,47.465312150307,48.10583588387817
calaveras-big-trees,CATCU_0009_20250615_1,CATCU_0009_20250615_1,20250615,2025-06-15,23,-5.28284592589335,1.75498115370928,0.368,0.205,0.2554476984975145,observed,652,True,1.0,,1.0,uniform,/home/jovyan/work/Dry-shRub/shrub/Final/artifacts/labeling/calaveras-big-trees/sprint3/revised/CATCU_0009_20250615_1/Shrubs/CATCU_0009_20250615_1.csv,sprint3_revised,revised,base,/home/jovyan/work/Dry-shRub/shrub/Final/artifacts/labeling/calaveras-big-trees/sprint3/revised/CATCU_0009_20250615_1,/home/jovyan/work/Dry-shRub/shrub/Final/artifacts/labeling/calaveras-big-trees/sprint3/revised/CATCU_0009_20250615_1/metrics/CATCU_0009_20250615_1_metrics.csv,/home/jovyan/work/Dry-shRub/shrub/Final/artifacts/labeling/calaveras-big-trees/sprint3/revised/CATCU_0009_20250615_1/Inventory/CATCU_0009_20250615_1_inv.csv,/home/jovyan/work/Dry-shRub/shrub/Final/artifacts/labeling/calaveras-big-trees/sprint3/revised/CATCU_0009_20250615_1/Fuels/CATCU_0009_20250615_1.tif,/home/jovyan/work/Dry-shRub/shrub/Final/artifacts/labeling/calaveras-big-trees/sprint3/revised/CATCU_0009_20250615_1/dtm/CATCU_0009_20250615_1_dtm.tif,/home/jovyan/work/Dry-shRub/shrub/Final/artifacts/labeling/calaveras-big-trees/sprint3/revised/CATCU_0009_20250615_1/chm/CATCU_0009_20250615_1_chm.tif,/home/jovyan/work/Dry-shRub/shrub/Final/artifacts/labeling/ptx_cache/calaveras-big-trees/CATCU_0009_20250615_1.ptx,8,1.605025225952424,1.0,,-5.28284592589335,1.75498115370928,-5.28284592589335,1.75498115370928,True,,743355.4941622205,4237887.682103828,743355.5788617551,4237886.607728364,63.653786059468985,51.96476959181018
calaveras-big-trees,CATCU_0009_20250615_1,CATCU_0009_20250615_1,20250615,2025-06-15,26,-8.78307499856987,1.23284305532411,0.608,0.201,0.2529432488186667,observed,205,True,1.0,,1.0,uniform,/home/jovyan/work/Dry-shRub/shrub/Final/artifacts/labeling/calaveras-big-trees/sprint3/revised/CATCU_0009_20250615_1/Shrubs/CATCU_0009_20250615_1.csv,sprint3_revised,revised,base,/home/jovyan/work/Dry-shRub/shrub/Final/artifacts/labeling/calaveras-big-trees/sprint3/revised/CATCU_0009_20250615_1,/home/jovyan/work/Dry-shRub/shrub/Final/artifacts/labeling/calaveras-big-trees/sprint3/revised/CATCU_0009_20250615_1/metrics/CATCU_0009_20250615_1_metrics.csv,/home/jovyan/work/Dry-shRub/shrub/Final/artifacts/labeling/calaveras-big-trees/sprint3/revised/CATCU_0009_20250615_1/Inventory/CATCU_0009_20250615_1_inv.csv,/home/jovyan/work/Dry-shRub/shrub/Final/artifacts/labeling/calaveras-big-trees/sprint3/revised/CATCU_0009_20250615_1/Fuels/CATCU_0009_20250615_1.tif,/home/jovyan/work/Dry-shRub/shrub/Final/artifacts/labeling/calaveras-big-trees/sprint3/revised/CATCU_0009_20250615_1/dtm/CATCU_0009_20250615_1_dtm.tif,/home/jovyan/work/Dry-shRub/shrub/Final/artifacts/labeling/calaveras-big-trees/sprint3/revised/CATCU_0009_20250615_1/chm/CATCU_0009_20250615_1_chm.tif,/home/jovyan/work/Dry-shRub/shrub/Final/artifacts/labeling/ptx_cache/calaveras-big-trees/CATCU_0009_20250615_1.ptx,9,1.5892893045277168,1.0,,-8.78307499856987,1.23284305532411,-8.78307499856987,1.23284305532411,True,,743356.5308754557,4237884.298450433,743356.615540537,4237883.224060927,69.29323178902268,53.692567561753094
calaveras-big-trees,CATCU_0009_20250615_1,CATCU_0009_20250615_1,20250615,2025-06-15,27,-0.782480286581874,1.248095363484,1.182,1.638,0.7220745069375106,observed,60852,True,1.0,,1.0,uniform,/home/jovyan/work/Dry-shRub/shrub/Final/artifacts/labeling/calaveras-big-trees/sprint3/revised/CATCU_0009_20250615_1/Shrubs/CATCU_0009_20250615_1.csv,sprint3_revised,revised,base,/home/jovyan/work/Dry-shRub/shrub/Final/artifacts/labeling/calaveras-big-trees/sprint3/revised/CATCU_0009_20250615_1,/home/jovyan/work/Dry-shRub/shrub/Final/artifacts/labeling/calaveras-big-trees/sprint3/revised/CATCU_0009_20250615_1/metrics/CATCU_0009_20250615_1_metrics.csv,/home/jovyan/work/Dry-shRub/shrub/Final/artifacts/labeling/calaveras-big-trees/sprint3/revised/CATCU_0009_20250615_1/Inventory/CATCU_0009_20250615_1_inv.csv,/home/jovyan/work/Dry-shRub/shrub/Final/artifacts/labeling/calaveras-big-trees/sprint3/revised/CATCU_0009_20250615_1/Fuels/CATCU_0009_20250615_1.tif,/home/jovyan/work/Dry-shRub/shrub/Final/artifacts/labeling/calaveras-big-trees/sprint3/revised/CATCU_0009_20250615_1/dtm/CATCU_0009_20250615_1_dtm.tif,/home/jovyan/work/Dry-shRub/shrub/Final/artifacts/labeling/calaveras-big-trees/sprint3/revised/CATCU_0009_20250615_1/chm/CATCU_0009_20250615_1_chm.tif,/home/jovyan/work/Dry-shRub/shrub/Final/artifacts/labeling/ptx_cache/calaveras-big-trees/CATCU_0009_20250615_1.ptx,10,4.536927932678712,0.9999999999999998,,-0.782480286581874,1.248095363484,-0.782480286581874,1.248095363484,True,,743355.3262779872,4237892.207653719,743355.411021536,4237891.133296058,56.111173236742616,51.685035893460736
calaveras-big-trees,CATCU_0009_20250615_1,CATCU_0009_20250615_1,20250615,2025-06-15,28,8.08131519838269,0.30036927582327,0.44,0.064,0.1427299292922217,observed,383,True,1.0,,1.0,uniform,/home/jovyan/work/Dry-shRub/shrub/Final/artifacts/labeling/calaveras-big-trees/sprint3/revised/CATCU_0009_20250615_1/Shrubs/CATCU_0009_20250615_1.csv,sprint3_revised,revised,base,/home/jovyan/work/Dry-shRub/shrub/Final/artifacts/labeling/calaveras-big-trees/sprint3/revised/CATCU_0009_20250615_1,/home/jovyan/work/Dry-shRub/shrub/Final/artifacts/labeling/calaveras-big-trees/sprint3/revised/CATCU_0009_20250615_1/metrics/CATCU_0009_20250615_1_metrics.csv,/home/jovyan/work/Dry-shRub/shrub/Final/artifacts/labeling/calaveras-big-trees/sprint3/revised/CATCU_0009_20250615_1/Inventory/CATCU_0009_20250615_1_inv.csv,/home/jovyan/work/Dry-shRub/shrub/Final/artifacts/labeling/calaveras-big-trees/sprint3/revised/CATCU_0009_20250615_1/Fuels/CATCU_0009_20250615_1.tif,/home/jovyan/work/Dry-shRub/shrub/Final/artifacts/labeling/calaveras-big-trees/sprint3/revised/CATCU_0009_20250615_1/dtm/CATCU_0009_20250615_1_dtm.tif,/home/jovyan/work/Dry-shRub/shrub/Final/artifacts/labeling/calaveras-big-trees/sprint3/revised/CATCU_0009_20250615_1/chm/CATCU_0009_20250615_1_chm.tif,/home/jovyan/work/Dry-shRub/shrub/Final/artifacts/labeling/ptx_cache/calaveras-big-trees/CATCU_0009_20250615_1.ptx,11,0.8967985946236686,1.0,,8.08131519838269,0.30036927582327,8.08131519838269,0.30036927582327,True,,743354.9455612774,4237901.113529539,743355.0303915406,4237900.0392069435,41.26798842754215,51.05065256776288
calaveras-big-trees,CATCU_0009_20250615_1,CATCU_0009_20250615_1,20250615,2025-06-15,29,-3.24002448907569,-0.258723535718816,0.675,0.235,0.2735010479928565,observed,2477,True,1.0,,1.0,uniform,/home/jovyan/work/Dry-shRub/shrub/Final/artifacts/labeling/calaveras-big-trees/sprint3/revised/CATCU_0009_20250615_1/Shrubs/CATCU_0009_20250615_1.csv,sprint3_revised,revised,base,/home/jovyan/work/Dry-shRub/shrub/Final/artifacts/labeling/calaveras-big-trees/sprint3/revised/CATCU_0009_20250615_1,/home/jovyan/work/Dry-shRub/shrub/Final/artifacts/labeling/calaveras-big-trees/sprint3/revised/CATCU_0009_20250615_1/metrics/CATCU_0009_20250615_1_metrics.csv,/home/jovyan/work/Dry-shRub/shrub/Final/artifacts/labeling/calaveras-big-trees/sprint3/revised/CATCU_0009_20250615_1/Inventory/CATCU_0009_20250615_1_inv.csv,/home/jovyan/work/Dry-shRub/shrub/Final/artifacts/labeling/calaveras-big-trees/sprint3/revised/CATCU_0009_20250615_1/Fuels/CATCU_0009_20250615_1.tif,/home/jovyan/work/Dry-shRub/shrub/Final/artifacts/labeling/calaveras-big-trees/sprint3/revised/CATCU_0009_20250615_1/dtm/CATCU_0009_20250615_1_dtm.tif,/home/jovyan/work/Dry-shRub/shrub/Final/artifacts/labeling/calaveras-big-trees/sprint3/revised/CATCU_0009_20250615_1/chm/CATCU_0009_20250615_1_chm.tif,/home/jovyan/work/Dry-shRub/shrub/Final/artifacts/labeling/ptx_cache/calaveras-big-trees/CATCU_0009_20250615_1.ptx,12,1.718457766246935,1.0,,-3.24002448907569,-0.258723535718816,-3.24002448907569,-0.258723535718816,True,,743357.1816465213,4237890.001382267,743357.2663655982,4237888.927014502,59.78830916341394,54.77727599698119
calaveras-big-trees,CATCU_0009_20250615_1,CATCU_0009_20250615_1,20250615,2025-06-15,31,-7.7839909685164,-2.73561203771787,0.058,0.206,0.2560699837034026,observed,171,True,1.0,,1.0,uniform,/home/jovyan/work/Dry-shRub/shrub/Final/artifacts/labeling/calaveras-big-trees/sprint3/revised/CATCU_0009_20250615_1/Shrubs/CATCU_0009_20250615_1.csv,sprint3_revised,revised,base,/home/jovyan/work/Dry-shRub/shrub/Final/artifacts/labeling/calaveras-big-trees/sprint3/revised/CATCU_0009_20250615_1,/home/jovyan/work/Dry-shRub/shrub/Final/artifacts/labeling/calaveras-big-trees/sprint3/revised/CATCU_0009_20250615_1/metrics/CATCU_0009_20250615_1_metrics.csv,/home/jovyan/work/Dry-shRub/shrub/Final/artifacts/labeling/calaveras-big-trees/sprint3/revised/CATCU_0009_20250615_1/Inventory/CATCU_0009_20250615_1_inv.csv,/home/jovyan/work/Dry-shRub/shrub/Final/artifacts/labeling/calaveras-big-trees/sprint3/revised/CATCU_0009_20250615_1/Fuels/CATCU_0009_20250615_1.tif,/home/jovyan/work/Dry-shRub/shrub/Final/artifacts/labeling/calaveras-big-trees/sprint3/revised/CATCU_0009_20250615_1/dtm/CATCU_0009_20250615_1_dtm.tif,/home/jovyan/work/Dry-shRub/shrub/Final/artifacts/labeling/calaveras-big-trees/sprint3/revised/CATCU_0009_20250615_1/chm/CATCU_0009_20250615_1_chm.tif,/home/jovyan/work/Dry-shRub/shrub/Final/artifacts/labeling/ptx_cache/calaveras-big-trees/CATCU_0009_20250615_1.ptx,13,1.6089351592149352,1.0000000000000002,,-7.7839909685164,-2.73561203771787,-7.7839909685164,-2.73561203771787,True,,743360.3064530112,4237885.876072211,743360.3911269206,4237884.801685835,66.6638569412753,59.985211534425616
calaveras-big-trees,CATCU_0009_20250615_1,CATCU_0009_20250615_1,20250615,2025-06-15,33,-5.7939768002499,-3.7577977489577,0.042,0.176,0.2366908109081279,observed,179,True,1.0,,1.0,uniform,/home/jovyan/work/Dry-shRub/shrub/Final/artifacts/labeling/calaveras-big-trees/sprint3/revised/CATCU_0009_20250615_1/Shrubs/CATCU_0009_20250615_1.csv,sprint3_revised,revised,base,/home/jovyan/work/Dry-shRub/shrub/Final/artifacts/labeling/calaveras-big-trees/sprint3/revised/CATCU_0009_20250615_1,/home/jovyan/work/Dry-shRub/shrub/Final/artifacts/labeling/calaveras-big-trees/sprint3/revised/CATCU_0009_20250615_1/metrics/CATCU_0009_20250615_1_metrics.csv,/home/jovyan/work/Dry-shRub/shrub/Final/artifacts/labeling/calaveras-big-trees/sprint3/revised/CATCU_0009_20250615_1/Inventory/CATCU_0009_20250615_1_inv.csv,/home/jovyan/work/Dry-shRub/shrub/Final/artifacts/labeling/calaveras-big-trees/sprint3/revised/CATCU_0009_20250615_1/Fuels/CATCU_0009_20250615_1.tif,/home/jovyan/work/Dry-shRub/shrub/Final/artifacts/labeling/calaveras-big-trees/sprint3/revised/CATCU_0009_20250615_1/dtm/CATCU_0009_20250615_1_dtm.tif,/home/jovyan/work/Dry-shRub/shrub/Final/artifacts/labeling/calaveras-big-trees/sprint3/revised/CATCU_0009_20250615_1/chm/CATCU_0009_20250615_1_chm.tif,/home/jovyan/work/Dry-shRub/shrub/Final/artifacts/labeling/ptx_cache/calaveras-big-trees/CATCU_0009_20250615_1.ptx,14,1.487172225442371,1.0,,-5.7939768002499,-3.7577977489577,-5.7939768002499,-3.7577977489577,True,,743361.0213468212,4237887.995803188,743361.1060399946,4237886.921424512,63.130959146656096,61.176733324537054
calaveras-big-trees,CATCU_0009_20250615_1,CATCU_0009_20250615_1,20250615,2025-06-15,34,-2.77871071955359,-4.29093824810185,0.58,0.156,0.2228370306853673,observed,915,True,1.0,,1.0,uniform,/home/jovyan/work/Dry-shRub/shrub/Final/artifacts/labeling/calaveras-big-trees/sprint3/revised/CATCU_0009_20250615_1/Shrubs/CATCU_0009_20250615_1.csv,sprint3_revised,revised,base,/home/jovyan/work/Dry-shRub/shrub/Final/artifacts/labeling/calaveras-big-trees/sprint3/revised/CATCU_0009_20250615_1,/home/jovyan/work/Dry-shRub/shrub/Final/artifacts/labeling/calaveras-big-trees/sprint3/revised/CATCU_0009_20250615_1/metrics/CATCU_0009_20250615_1_metrics.csv,/home/jovyan/work/Dry-shRub/shrub/Final/artifacts/labeling/calaveras-big-trees/sprint3/revised/CATCU_0009_20250615_1/Inventory/CATCU_0009_20250615_1_inv.csv,/home/jovyan/work/Dry-shRub/shrub/Final/artifacts/labeling/calaveras-big-trees/sprint3/revised/CATCU_0009_20250615_1/Fuels/CATCU_0009_20250615_1.tif,/home/jovyan/work/Dry-shRub/shrub/Final/artifacts/labeling/calaveras-big-trees/sprint3/revised/CATCU_0009_20250615_1/dtm/CATCU_0009_20250615_1_dtm.tif,/home/jovyan/work/Dry-shRub/shrub/Final/artifacts/labeling/calaveras-big-trees/sprint3/revised/CATCU_0009_20250615_1/chm/CATCU_0009_20250615_1_chm.tif,/home/jovyan/work/Dry-shRub/shrub/Final/artifacts/labeling/ptx_cache/calaveras-big-trees/CATCU_0009_20250615_1.ptx,15,1.4001263570978266,1.0000000000000002,,-2.77871071955359,-4.29093824810185,-2.77871071955359,-4.29093824810185,True,,743361.1002261954,4237891.0566984,743361.1849488062,4237889.9823316075,58.0294473208487,61.30824801046401
calaveras-big-trees,CATCU_0009_20250615_1,CATCU_0009_20250615_1,20250615,2025-06-15,35,11.585011668712,-5.11998663251247,1.204,0.261,0.2882340720559757,observed,148,True,1.0,,1.0,uniform,/home/jovyan/work/Dry-shRub/shrub/Final/artifacts/labeling/calaveras-big-trees/sprint3/revised/CATCU_0009_20250615_1/Shrubs/CATCU_0009_20250615_1.csv,sprint3_revised,revised,base,/home/jovyan/work/Dry-shRub/shrub/Final/artifacts/labeling/calaveras-big-trees/sprint3/revised/CATCU_0009_20250615_1,/home/jovyan/work/Dry-shRub/shrub/Final/artifacts/labeling/calaveras-big-trees/sprint3/revised/CATCU_0009_20250615_1/metrics/CATCU_0009_20250615_1_metrics.csv,/home/jovyan/work/Dry-shRub/shrub/Final/artifacts/labeling/calaveras-big-trees/sprint3/revised/CATCU_0009_20250615_1/Inventory/CATCU_0009_20250615_1_inv.csv,/home/jovyan/work/Dry-shRub/shrub/Final/artifacts/labeling/calaveras-big-trees/sprint3/revised/CATCU_0009_20250615_1/Fuels/CATCU_0009_20250615_1.tif,/home/jovyan/work/Dry-shRub/shrub/Final/artifacts/labeling/calaveras-big-trees/sprint3/revised/CATCU_0009_20250615_1/dtm/CATCU_0009_20250615_1_dtm.tif,/home/jovyan/work/Dry-shRub/shrub/Final/artifacts/labeling/calaveras-big-trees/sprint3/revised/CATCU_0009_20250615_1/chm/CATCU_0009_20250615_1_chm.tif,/home/jovyan/work/Dry-shRub/shrub/Final/artifacts/labeling/ptx_cache/calaveras-big-trees/CATCU_0009_20250615_1.ptx,16,1.8110280865706485,1.0,,11.585011668712,-5.11998663251247,11.585011668712,-5.11998663251247,True,,743359.7844373533,4237905.383598822,743359.8693006436,4237904.309288989,34.15118501801044,59.11550107272342
calaveras-big-trees,CATCU_0009_20250615_1,CATCU_0009_20250615_1,20250615,2025-06-15,36,-3.72068032321282,-6.27121166652466,0.652,0.176,0.2366908109081279,observed,462,True,1.0,,1.0,uniform,/home/jovyan/work/Dry-shRub/shrub/Final/artifacts/labeling/calaveras-big-trees/sprint3/revised/CATCU_0009_20250615_1/Shrubs/CATCU_0009_20250615_1.csv,sprint3_revised,revised,base,/home/jovyan/work/Dry-shRub/shrub/Final/artifacts/labeling/calaveras-big-trees/sprint3/revised/CATCU_0009_20250615_1,/home/jovyan/work/Dry-shRub/shrub/Final/artifacts/labeling/calaveras-big-trees/sprint3/revised/CATCU_0009_20250615_1/metrics/CATCU_0009_20250615_1_metrics.csv,/home/jovyan/work/Dry-shRub/shrub/Final/artifacts/labeling/calaveras-big-trees/sprint3/revised/CATCU_0009_20250615_1/Inventory/CATCU_0009_20250615_1_inv.csv,/home/jovyan/work/Dry-shRub/shrub/Final/artifacts/labeling/calaveras-big-trees/sprint3/revised/CATCU_0009_20250615_1/Fuels/CATCU_0009_20250615_1.tif,/home/jovyan/work/Dry-shRub/shrub/Final/artifacts/labeling/calaveras-big-trees/sprint3/revised/CATCU_0009_20250615_1/dtm/CATCU_0009_20250615_1_dtm.tif,/home/jovyan/work/Dry-shRub/shrub/Final/artifacts/labeling/calaveras-big-trees/sprint3/revised/CATCU_0009_20250615_1/chm/CATCU_0009_20250615_1_chm.tif,/home/jovyan/work/Dry-shRub/shrub/Final/artifacts/labeling/ptx_cache/calaveras-big-trees/CATCU_0009_20250615_1.ptx,17,1.487172225442371,1.0,,-3.72068032321282,-6.27121166652466,-3.72068032321282,-6.27121166652466,True,,743363.1984266501,4237890.419468298,743363.2831395386,4237889.345097336,59.09150443971157,64.80523256445304
calaveras-big-trees,CATCU_0009_20250615_1,CATCU_0009_20250615_1,20250615,2025-06-15,37,7.98574975546591,-6.54977168738228,1.116,0.549,0.4180336439987828,observed,880,True,1.0,,1.0,uniform,/home/jovyan/work/Dry-shRub/shrub/Final/artifacts/labeling/calaveras-big-trees/sprint3/revised/CATCU_0009_20250615_1/Shrubs/CATCU_0009_20250615_1.csv,sprint3_revised,revised,base,/home/jovyan/work/Dry-shRub/shrub/Final/artifacts/labeling/calaveras-big-trees/sprint3/revised/CATCU_0009_20250615_1,/home/jovyan/work/Dry-shRub/shrub/Final/artifacts/labeling/calaveras-big-trees/sprint3/revised/CATCU_0009_20250615_1/metrics/CATCU_0009_20250615_1_metrics.csv,/home/jovyan/work/Dry-shRub/shrub/Final/artifacts/labeling/calaveras-big-trees/sprint3/revised/CATCU_0009_20250615_1/Inventory/CATCU_0009_20250615_1_inv.csv,/home/jovyan/work/Dry-shRub/shrub/Final/artifacts/labeling/calaveras-big-trees/sprint3/revised/CATCU_0009_20250615_1/Fuels/CATCU_0009_20250615_1.tif,/home/jovyan/work/Dry-shRub/shrub/Final/artifacts/labeling/calaveras-big-trees/sprint3/revised/CATCU_0009_20250615_1/dtm/CATCU_0009_20250615_1_dtm.tif,/home/jovyan/work/Dry-shRub/shrub/Final/artifacts/labeling/calaveras-big-trees/sprint3/revised/CATCU_0009_20250615_1/chm/CATCU_0009_20250615_1_chm.tif,/home/jovyan/work/Dry-shRub/shrub/Final/artifacts/labeling/ptx_cache/calaveras-big-trees/CATCU_0009_20250615_1.ptx,18,2.626582849879894,1.0000000000000002,,7.98574975546591,-6.54977168738228,7.98574975546591,-6.54977168738228,True,,743361.7333814139,4237902.036881823,743361.8182090455,4237900.962557365,39.7290710574016,62.36368174245581
calaveras-big-trees,CATCU_0009_20250615_1,CATCU_0009_20250615_1,20250615,2025-06-15,39,6.2990948474453,-7.2129830315575,1.108,1.391,0.6654089356791453,observed,1818,True,1.0,,1.0,uniform,/home/jovyan/work/Dry-shRub/shrub/Final/artifacts/labeling/calaveras-big-trees/sprint3/revised/CATCU_0009_20250615_1/Shrubs/CATCU_0009_20250615_1.csv,sprint3_revised,revised,base,/home/jovyan/work/Dry-shRub/shrub/Final/artifacts/labeling/calaveras-big-trees/sprint3/revised/CATCU_0009_20250615_1,/home/jovyan/work/Dry-shRub/shrub/Final/artifacts/labeling/calaveras-big-trees/sprint3/revised/CATCU_0009_20250615_1/metrics/CATCU_0009_20250615_1_metrics.csv,/home/jovyan/work/Dry-shRub/shrub/Final/artifacts/labeling/calaveras-big-trees/sprint3/revised/CATCU_0009_20250615_1/Inventory/CATCU_0009_20250615_1_inv.csv,/home/jovyan/work/Dry-shRub/shrub/Final/artifacts/labeling/calaveras-big-trees/sprint3/revised/CATCU_0009_20250615_1/Fuels/CATCU_0009_20250615_1.tif,/home/jovyan/work/Dry-shRub/shrub/Final/artifacts/labeling/calaveras-big-trees/sprint3/revised/CATCU_0009_20250615_1/dtm/CATCU_0009_20250615_1_dtm.tif,/home/jovyan/work/Dry-shRub/shrub/Final/artifacts/labeling/calaveras-big-trees/sprint3/revised/CATCU_0009_20250615_1/chm/CATCU_0009_20250615_1_chm.tif,/home/jovyan/work/Dry-shRub/shrub/Final/artifacts/labeling/ptx_cache/calaveras-big-trees/CATCU_0009_20250615_1.ptx,19,4.180887647925212,1.0,,6.2990948474453,-7.2129830315575,6.2990948474453,-7.2129830315575,True,,743362.6399525426,4237900.467561604,743362.724763466,4237899.3932302985,42.34461616910994,63.8746057767421
calaveras-big-trees,CATCU_0009_20250615_1,CATCU_0009_20250615_1,20250615,2025-06-15,40,3.23186697763858,-8.67695505151314,1.058,1.362,0.6584360750918216,observed,2623,True,1.0,,1.0,uniform,/home/jovyan/work/Dry-shRub/shrub/Final/artifacts/labeling/calaveras-big-trees/sprint3/revised/CATCU_0009_20250615_1/Shrubs/CATCU_0009_20250615_1.csv,sprint3_revised,revised,base,/home/jovyan/work/Dry-shRub/shrub/Final/artifacts/labeling/calaveras-big-trees/sprint3/revised/CATCU_0009_20250615_1,/home/jovyan/work/Dry-shRub/shrub/Final/artifacts/labeling/calaveras-big-trees/sprint3/revised/CATCU_0009_20250615_1/metrics/CATCU_0009_20250615_1_metrics.csv,/home/jovyan/work/Dry-shRub/shrub/Final/artifacts/labeling/calaveras-big-trees/sprint3/revised/CATCU_0009_20250615_1/Inventory/CATCU_0009_20250615_1_inv.csv,/home/jovyan/work/Dry-shRub/shrub/Final/artifacts/labeling/calaveras-big-trees/sprint3/revised/CATCU_0009_20250615_1/Fuels/CATCU_0009_20250615_1.tif,/home/jovyan/work/Dry-shRub/shrub/Final/artifacts/labeling/calaveras-big-trees/sprint3/revised/CATCU_0009_20250615_1/dtm/CATCU_0009_20250615_1_dtm.tif,/home/jovyan/work/Dry-shRub/shrub/Final/artifacts/labeling/calaveras-big-trees/sprint3/revised/CATCU_0009_20250615_1/chm/CATCU_0009_20250615_1_chm.tif,/home/jovyan/work/Dry-shRub/shrub/Final/artifacts/labeling/ptx_cache/calaveras-big-trees/CATCU_0009_20250615_1.ptx,20,4.137075872733928,1.0,,3.23186697763858,-8.67695505151314,3.23186697763858,-8.67695505151314,True,,743364.5435996675,4237897.652031685,743364.6283801486,4237896.577687865,47.03718689084053,67.04730024770834
calaveras-big-trees,CATCU_0009_20250615_1,CATCU_0009_20250615_1,20250615,2025-06-15,41,2.21123720563926,-9.23095427624109,1.039,1.542,0.7005953500383836,observed,3000,True,1.0,,1.0,uniform,/home/jovyan/work/Dry-shRub/shrub/Final/artifacts/labeling/calaveras-big-trees/sprint3/revised/CATCU_0009_20250615_1/Shrubs/CATCU_0009_20250615_1.csv,sprint3_revised,revised,base,/home/jovyan/work/Dry-shRub/shrub/Final/artifacts/labeling/calaveras-big-trees/sprint3/revised/CATCU_0009_20250615_1,/home/jovyan/work/Dry-shRub/shrub/Final/artifacts/labeling/calaveras-big-trees/sprint3/revised/CATCU_0009_20250615_1/metrics/CATCU_0009_20250615_1_metrics.csv,/home/jovyan/work/Dry-shRub/shrub/Final/artifacts/labeling/calaveras-big-trees/sprint3/revised/CATCU_0009_20250615_1/Inventory/CATCU_0009_20250615_1_inv.csv,/home/jovyan/work/Dry-shRub/shrub/Final/artifacts/labeling/calaveras-big-trees/sprint3/revised/CATCU_0009_20250615_1/Fuels/CATCU_0009_20250615_1.tif,/home/jovyan/work/Dry-shRub/shrub/Final/artifacts/labeling/calaveras-big-trees/sprint3/revised/CATCU_0009_20250615_1/dtm/CATCU_0009_20250615_1_dtm.tif,/home/jovyan/work/Dry-shRub/shrub/Final/artifacts/labeling/calaveras-big-trees/sprint3/revised/CATCU_0009_20250615_1/chm/CATCU_0009_20250615_1_chm.tif,/home/jovyan/work/Dry-shRub/shrub/Final/artifacts/labeling/ptx_cache/calaveras-big-trees/CATCU_0009_20250615_1.ptx,21,4.401970409639511,0.9999999999999998,,2.21123720563926,-9.23095427624109,2.21123720563926,-9.23095427624109,True,,743365.2431552412,4237896.725089528,743365.3279255754,4237895.650741531,48.582097448408604,68.21320929238573
calaveras-big-trees,CATCU_0009_20250615_1,CATCU_0009_20250615_1,20250615,2025-06-15,42,1.22532508667813,-9.61868978684286,1.003,1.1,0.5917270272703198,observed,2238,True,1.0,,1.0,uniform,/home/jovyan/work/Dry-shRub/shrub/Final/artifacts/labeling/calaveras-big-trees/sprint3/revised/CATCU_0009_20250615_1/Shrubs/CATCU_0009_20250615_1.csv,sprint3_revised,revised,base,/home/jovyan/work/Dry-shRub/shrub/Final/artifacts/labeling/calaveras-big-trees/sprint3/revised/CATCU_0009_20250615_1,/home/jovyan/work/Dry-shRub/shrub/Final/artifacts/labeling/calaveras-big-trees/sprint3/revised/CATCU_0009_20250615_1/metrics/CATCU_0009_20250615_1_metrics.csv,/home/jovyan/work/Dry-shRub/shrub/Final/artifacts/labeling/calaveras-big-trees/sprint3/revised/CATCU_0009_20250615_1/Inventory/CATCU_0009_20250615_1_inv.csv,/home/jovyan/work/Dry-shRub/shrub/Final/artifacts/labeling/calaveras-big-trees/sprint3/revised/CATCU_0009_20250615_1/Fuels/CATCU_0009_20250615_1.tif,/home/jovyan/work/Dry-shRub/shrub/Final/artifacts/labeling/calaveras-big-trees/sprint3/revised/CATCU_0009_20250615_1/dtm/CATCU_0009_20250615_1_dtm.tif,/home/jovyan/work/Dry-shRub/shrub/Final/artifacts/labeling/calaveras-big-trees/sprint3/revised/CATCU_0009_20250615_1/chm/CATCU_0009_20250615_1_chm.tif,/home/jovyan/work/Dry-shRub/shrub/Final/artifacts/labeling/ptx_cache/calaveras-big-trees/CATCU_0009_20250615_1.ptx,22,3.717930563605928,1.0,,1.22532508667813,-9.61868978684286,1.22532508667813,-9.61868978684286,True,,743365.7731428238,4237895.807773376,743365.8579033937,4237894.733421375,50.11096437461674,69.09650565613993
calaveras-big-trees,CATCU_0009_20250615_1,CATCU_0009_20250615_1,20250615,2025-06-15,43,0.161251112945243,-10.0149920958964,0.954,0.775,0.4966791336390505,observed,1388,True,1.0,,1.0,uniform,/home/jovyan/work/Dry-shRub/shrub/Final/artifacts/labeling/calaveras-big-trees/sprint3/revised/CATCU_0009_20250615_1/Shrubs/CATCU_0009_20250615_1.csv,sprint3_revised,revised,base,/home/jovyan/work/Dry-shRub/shrub/Final/artifacts/labeling/calaveras-big-trees/sprint3/revised/CATCU_0009_20250615_1,/home/jovyan/work/Dry-shRub/shrub/Final/artifacts/labeling/calaveras-big-trees/sprint3/revised/CATCU_0009_20250615_1/metrics/CATCU_0009_20250615_1_metrics.csv,/home/jovyan/work/Dry-shRub/shrub/Final/artifacts/labeling/calaveras-big-trees/sprint3/revised/CATCU_0009_20250615_1/Inventory/CATCU_0009_20250615_1_inv.csv,/home/jovyan/work/Dry-shRub/shrub/Final/artifacts/labeling/calaveras-big-trees/sprint3/revised/CATCU_0009_20250615_1/Fuels/CATCU_0009_20250615_1.tif,/home/jovyan/work/Dry-shRub/shrub/Final/artifacts/labeling/calaveras-big-trees/sprint3/revised/CATCU_0009_20250615_1/dtm/CATCU_0009_20250615_1_dtm.tif,/home/jovyan/work/Dry-shRub/shrub/Final/artifacts/labeling/calaveras-big-trees/sprint3/revised/CATCU_0009_20250615_1/chm/CATCU_0009_20250615_1_chm.tif,/home/jovyan/work/Dry-shRub/shrub/Final/artifacts/labeling/ptx_cache/calaveras-big-trees/CATCU_0009_20250615_1.ptx,23,3.120727034863568,1.0000000000000002,,0.161251112945243,-10.0149920958964,0.161251112945243,-10.0149920958964,True,,743366.323222476,4237894.814439006,743366.4079725095,4237893.74008269,51.76652885042131,70.01328751584515
calaveras-big-trees,CATCU_0009_20250615_1,CATCU_0009_20250615_1,20250615,2025-06-15,46,-1.26496328296345,-10.7248055324039,0.798,0.193,0.2478584435387901,observed,450,True,1.0,,1.0,uniform,/home/jovyan/work/Dry-shRub/shrub/Final/artifacts/labeling/calaveras-big-trees/sprint3/revised/CATCU_0009_20250615_1/Shrubs/CATCU_0009_20250615_1.csv,sprint3_revised,revised,base,/home/jovyan/work/Dry-shRub/shrub/Final/artifacts/labeling/calaveras-big-trees/sprint3/revised/CATCU_0009_20250615_1,/home/jovyan/work/Dry-shRub/shrub/Final/artifacts/labeling/calaveras-big-trees/sprint3/revised/CATCU_0009_20250615_1/metrics/CATCU_0009_20250615_1_metrics.csv,/home/jovyan/work/Dry-shRub/shrub/Final/artifacts/labeling/calaveras-big-trees/sprint3/revised/CATCU_0009_20250615_1/Inventory/CATCU_0009_20250615_1_inv.csv,/home/jovyan/work/Dry-shRub/shrub/Final/artifacts/labeling/calaveras-big-trees/sprint3/revised/CATCU_0009_20250615_1/Fuels/CATCU_0009_20250615_1.tif,/home/jovyan/work/Dry-shRub/shrub/Final/artifacts/labeling/calaveras-big-trees/sprint3/revised/CATCU_0009_20250615_1/dtm/CATCU_0009_20250615_1_dtm.tif,/home/jovyan/work/Dry-shRub/shrub/Final/artifacts/labeling/calaveras-big-trees/sprint3/revised/CATCU_0009_20250615_1/chm/CATCU_0009_20250615_1_chm.tif,/home/jovyan/work/Dry-shRub/shrub/Final/artifacts/labeling/ptx_cache/calaveras-big-trees/CATCU_0009_20250615_1.ptx,24,1.557340530703327,1.0,,-1.26496328296345,-10.7248055324039,-1.26496328296345,-10.7248055324039,True,,743367.2371531848,4237893.509582583,743367.3218890566,4237892.435220444,53.94129926059395,71.53648176114075
dl-bliss,CAAEU_0027_20250728_1,CAAEU_0027_20250728_1,20250728,2025-07-28,1,-12.1705148099454,8.27309776647898,2.996,0.722,0.4793951791838304,observed,104,True,1.0,,1.0,uniform,/home/jovyan/work/Dry-shRub/shrub/Final/artifacts/labeling/dl-bliss/sprint3/original/CAAEU_0027_20250728_1/Shrubs/CAAEU_0027_20250728_1.csv,sprint3_original,original,base,/home/jovyan/work/Dry-shRub/shrub/Final/artifacts/labeling/dl-bliss/sprint3/original/CAAEU_0027_20250728_1,/home/jovyan/work/Dry-shRub/shrub/Final/artifacts/labeling/dl-bliss/sprint3/original/CAAEU_0027_20250728_1/metrics/CAAEU_0027_20250728_1_metrics.csv,/home/jovyan/work/Dry-shRub/shrub/Final/artifacts/labeling/dl-bliss/sprint3/original/CAAEU_0027_20250728_1/Inventory/CAAEU_0027_20250728_1_inv.csv,/home/jovyan/work/Dry-shRub/shrub/Final/artifacts/labeling/dl-bliss/sprint3/original/CAAEU_0027_20250728_1/Fuels/CAAEU_0027_20250728_1.tif,/home/jovyan/work/Dry-shRub/shrub/Final/artifacts/labeling/dl-bliss/sprint3/original/CAAEU_0027_20250728_1/dtm/CAAEU_0027_20250728_1_dtm.tif,/home/jovyan/work/Dry-shRub/shrub/Final/artifacts/labeling/dl-bliss/sprint3/original/CAAEU_0027_20250728_1/chm/CAAEU_0027_20250728_1_chm.tif,/home/jovyan/work/Dry-shRub/shrub/Final/artifacts/labeling/ptx_cache/dl-bliss/CAAEU_0027_20250728_1.ptx,1,3.0121287461805686,0.9999999999999998,,-12.1705148099454,8.27309776647898,-12.1705148099454,8.27309776647898,True,,751320.5722133048,4319794.553629267,751321.5140590847,4319793.811337758,33.64777040388435,34.523431807989255
dl-bliss,CAAEU_0027_20250728_1,CAAEU_0027_20250728_1,20250728,2025-07-28,2,-5.19497091881804,7.35249798308967,2.995,5.219,1.2888984816474895,observed,731,True,1.0,,1.0,uniform,/home/jovyan/work/Dry-shRub/shrub/Final/artifacts/labeling/dl-bliss/sprint3/original/CAAEU_0027_20250728_1/Shrubs/CAAEU_0027_20250728_1.csv,sprint3_original,original,base,/home/jovyan/work/Dry-shRub/shrub/Final/artifacts/labeling/dl-bliss/sprint3/original/CAAEU_0027_20250728_1,/home/jovyan/work/Dry-shRub/shrub/Final/artifacts/labeling/dl-bliss/sprint3/original/CAAEU_0027_20250728_1/metrics/CAAEU_0027_20250728_1_metrics.csv,/home/jovyan/work/Dry-shRub/shrub/Final/artifacts/labeling/dl-bliss/sprint3/original/CAAEU_0027_20250728_1/Inventory/CAAEU_0027_20250728_1_inv.csv,/home/jovyan/work/Dry-shRub/shrub/Final/artifacts/labeling/dl-bliss/sprint3/original/CAAEU_0027_20250728_1/Fuels/CAAEU_0027_20250728_1.tif,/home/jovyan/work/Dry-shRub/shrub/Final/artifacts/labeling/dl-bliss/sprint3/original/CAAEU_0027_20250728_1/dtm/CAAEU_0027_20250728_1_dtm.tif,/home/jovyan/work/Dry-shRub/shrub/Final/artifacts/labeling/dl-bliss/sprint3/original/CAAEU_0027_20250728_1/chm/CAAEU_0027_20250728_1_chm.tif,/home/jovyan/work/Dry-shRub/shrub/Final/artifacts/labeling/ptx_cache/dl-bliss/CAAEU_0027_20250728_1.ptx,2,8.098388002333584,0.9999999999999998,,-5.19497091881804,7.35249798308967,-5.19497091881804,7.35249798308967,True,,751327.5039926161,4319793.346956736,751328.4458697899,4319792.604785891,35.658690181560814,46.07644964987412
dl-bliss,CAAEU_0027_20250728_1,CAAEU_0027_20250728_1,20250728,2025-07-28,3,-11.6031697048526,7.36315602076068,2.996,3.913,1.11604058377694,observed,515,True,1.0,,1.0,uniform,/home/jovyan/work/Dry-shRub/shrub/Final/artifacts/labeling/dl-bliss/sprint3/original/CAAEU_0027_20250728_1/Shrubs/CAAEU_0027_20250728_1.csv,sprint3_original,original,base,/home/jovyan/work/Dry-shRub/shrub/Final/artifacts/labeling/dl-bliss/sprint3/original/CAAEU_0027_20250728_1,/home/jovyan/work/Dry-shRub/shrub/Final/artifacts/labeling/dl-bliss/sprint3/original/CAAEU_0027_20250728_1/metrics/CAAEU_0027_20250728_1_metrics.csv,/home/jovyan/work/Dry-shRub/shrub/Final/artifacts/labeling/dl-bliss/sprint3/original/CAAEU_0027_20250728_1/Inventory/CAAEU_0027_20250728_1_inv.csv,/home/jovyan/work/Dry-shRub/shrub/Final/artifacts/labeling/dl-bliss/sprint3/original/CAAEU_0027_20250728_1/Fuels/CAAEU_0027_20250728_1.tif,/home/jovyan/work/Dry-shRub/shrub/Final/artifacts/labeling/dl-bliss/sprint3/original/CAAEU_0027_20250728_1/dtm/CAAEU_0027_20250728_1_dtm.tif,/home/jovyan/work/Dry-shRub/shrub/Final/artifacts/labeling/dl-bliss/sprint3/original/CAAEU_0027_20250728_1/chm/CAAEU_0027_20250728_1_chm.tif,/home/jovyan/work/Dry-shRub/shrub/Final/artifacts/labeling/ptx_cache/dl-bliss/CAAEU_0027_20250728_1.ptx,3,7.012289798203397,1.0000000000000002,,-11.6031697048526,7.36315602076068,-11.6031697048526,7.36315602076068,True,,751321.101658979,4319793.621126626,751322.0434868813,4319792.878859369,35.20190105121583,35.40581146883778
dl-bliss,CAAEU_0027_20250728_1,CAAEU_0027_20250728_1,20250728,2025-07-28,4,10.6711367168549,5.93207997073847,2.963,5.349,1.3048523216046697,observed,1955,True,1.0,,1.0,uniform,/home/jovyan/work/Dry-shRub/shrub/Final/artifacts/labeling/dl-bliss/sprint3/original/CAAEU_0027_20250728_1/Shrubs/CAAEU_0027_20250728_1.csv,sprint3_original,original,base,/home/jovyan/work/Dry-shRub/shrub/Final/artifacts/labeling/dl-bliss/sprint3/original/CAAEU_0027_20250728_1,/home/jovyan/work/Dry-shRub/shrub/Final/artifacts/labeling/dl-bliss/sprint3/original/CAAEU_0027_20250728_1/metrics/CAAEU_0027_20250728_1_metrics.csv,/home/jovyan/work/Dry-shRub/shrub/Final/artifacts/labeling/dl-bliss/sprint3/original/CAAEU_0027_20250728_1/Inventory/CAAEU_0027_20250728_1_inv.csv,/home/jovyan/work/Dry-shRub/shrub/Final/artifacts/labeling/dl-bliss/sprint3/original/CAAEU_0027_20250728_1/Fuels/CAAEU_0027_20250728_1.tif,/home/jovyan/work/Dry-shRub/shrub/Final/artifacts/labeling/dl-bliss/sprint3/original/CAAEU_0027_20250728_1/dtm/CAAEU_0027_20250728_1_dtm.tif,/home/jovyan/work/Dry-shRub/shrub/Final/artifacts/labeling/dl-bliss/sprint3/original/CAAEU_0027_20250728_1/chm/CAAEU_0027_20250728_1_chm.tif,/home/jovyan/work/Dry-shRub/shrub/Final/artifacts/labeling/ptx_cache/dl-bliss/CAAEU_0027_20250728_1.ptx,4,8.198628935145633,1.0,,10.6711367168549,5.93207997073847,10.6711367168549,5.93207997073847,True,,751343.2982528707,4319791.275286969,751344.240218327,4319790.533379331,39.11103444825858,72.40036387857981
dl-bliss,CAAEU_0027_20250728_1,CAAEU_0027_20250728_1,20250728,2025-07-28,5,-6.78436182996958,3.56924602291836,2.992,6.966,1.4890757761632838,observed,3670,True,1.0,,1.0,uniform,/home/jovyan/work/Dry-shRub/shrub/Final/artifacts/labeling/dl-bliss/sprint3/original/CAAEU_0027_20250728_1/Shrubs/CAAEU_0027_20250728_1.csv,sprint3_original,original,base,/home/jovyan/work/Dry-shRub/shrub/Final/artifacts/labeling/dl-bliss/sprint3/original/CAAEU_0027_20250728_1,/home/jovyan/work/Dry-shRub/shrub/Final/artifacts/labeling/dl-bliss/sprint3/original/CAAEU_0027_20250728_1/metrics/CAAEU_0027_20250728_1_metrics.csv,/home/jovyan/work/Dry-shRub/shrub/Final/artifacts/labeling/dl-bliss/sprint3/original/CAAEU_0027_20250728_1/Inventory/CAAEU_0027_20250728_1_inv.csv,/home/jovyan/work/Dry-shRub/shrub/Final/artifacts/labeling/dl-bliss/sprint3/original/CAAEU_0027_20250728_1/Fuels/CAAEU_0027_20250728_1.tif,/home/jovyan/work/Dry-shRub/shrub/Final/artifacts/labeling/dl-bliss/sprint3/original/CAAEU_0027_20250728_1/dtm/CAAEU_0027_20250728_1_dtm.tif,/home/jovyan/work/Dry-shRub/shrub/Final/artifacts/labeling/dl-bliss/sprint3/original/CAAEU_0027_20250728_1/chm/CAAEU_0027_20250728_1_chm.tif,/home/jovyan/work/Dry-shRub/shrub/Final/artifacts/labeling/ptx_cache/dl-bliss/CAAEU_0027_20250728_1.ptx,5,9.356139038066182,1.0000000000000002,,-6.78436182996958,3.56924602291836,-6.78436182996958,3.56924602291836,True,,751325.7603713878,4319789.63226472,751326.7021437027,4319788.890135504,41.84977415949106,43.17023950442672
dl-bliss,CAAEU_0027_20250728_1,CAAEU_0027_20250728_1,20250728,2025-07-28,6,-1.09223441199219,3.26802297740369,2.999,7.548,1.5500332321970558,observed,58508,True,1.0,,1.0,uniform,/home/jovyan/work/Dry-shRub/shrub/Final/artifacts/labeling/dl-bliss/sprint3/original/CAAEU_0027_20250728_1/Shrubs/CAAEU_0027_20250728_1.csv,sprint3_original,original,base,/home/jovyan/work/Dry-shRub/shrub/Final/artifacts/labeling/dl-bliss/sprint3/original/CAAEU_0027_20250728_1,/home/jovyan/work/Dry-shRub/shrub/Final/artifacts/labeling/dl-bliss/sprint3/original/CAAEU_0027_20250728_1/metrics/CAAEU_0027_20250728_1_metrics.csv,/home/jovyan/work/Dry-shRub/shrub/Final/artifacts/labeling/dl-bliss/sprint3/original/CAAEU_0027_20250728_1/Inventory/CAAEU_0027_20250728_1_inv.csv,/home/jovyan/work/Dry-shRub/shrub/Final/artifacts/labeling/dl-bliss/sprint3/original/CAAEU_0027_20250728_1/Fuels/CAAEU_0027_20250728_1.tif,/home/jovyan/work/Dry-shRub/shrub/Final/artifacts/labeling/dl-bliss/sprint3/original/CAAEU_0027_20250728_1/dtm/CAAEU_0027_20250728_1_dtm.tif,/home/jovyan/work/Dry-shRub/shrub/Final/artifacts/labeling/dl-bliss/sprint3/original/CAAEU_0027_20250728_1/chm/CAAEU_0027_20250728_1_chm.tif,/home/jovyan/work/Dry-shRub/shrub/Final/artifacts/labeling/ptx_cache/dl-bliss/CAAEU_0027_20250728_1.ptx,6,9.739146030180626,1.0,,-1.09223441199219,3.26802297740369,-1.09223441199219,3.26802297740369,True,,751331.4352913473,4319789.097222228,751332.3771003128,4319788.355183798,42.74136033654213,52.628500521415845
dl-bliss,CAAEU_0027_20250728_1,CAAEU_0027_20250728_1,20250728,2025-07-28,7,-12.4630838199093,2.84451109193053,2.996,4.996,1.2610615335399848,observed,975,True,1.0,,1.0,uniform,/home/jovyan/work/Dry-shRub/shrub/Final/artifacts/labeling/dl-bliss/sprint3/original/CAAEU_0027_20250728_1/Shrubs/CAAEU_0027_20250728_1.csv,sprint3_original,original,base,/home/jovyan/work/Dry-shRub/shrub/Final/artifacts/labeling/dl-bliss/sprint3/original/CAAEU_0027_20250728_1,/home/jovyan/work/Dry-shRub/shrub/Final/artifacts/labeling/dl-bliss/sprint3/original/CAAEU_0027_20250728_1/metrics/CAAEU_0027_20250728_1_metrics.csv,/home/jovyan/work/Dry-shRub/shrub/Final/artifacts/labeling/dl-bliss/sprint3/original/CAAEU_0027_20250728_1/Inventory/CAAEU_0027_20250728_1_inv.csv,/home/jovyan/work/Dry-shRub/shrub/Final/artifacts/labeling/dl-bliss/sprint3/original/CAAEU_0027_20250728_1/Fuels/CAAEU_0027_20250728_1.tif,/home/jovyan/work/Dry-shRub/shrub/Final/artifacts/labeling/dl-bliss/sprint3/original/CAAEU_0027_20250728_1/dtm/CAAEU_0027_20250728_1_dtm.tif,/home/jovyan/work/Dry-shRub/shrub/Final/artifacts/labeling/dl-bliss/sprint3/original/CAAEU_0027_20250728_1/chm/CAAEU_0027_20250728_1_chm.tif,/home/jovyan/work/Dry-shRub/shrub/Final/artifacts/labeling/ptx_cache/dl-bliss/CAAEU_0027_20250728_1.ptx,7,7.92348329898779,1.0,,-12.4630838199093,2.84451109193053,-12.4630838199093,2.84451109193053,True,,751320.0566556733,4319789.14166584,751320.9983664346,4319788.399463867,42.667560221627355,33.66394405765459
dl-bliss,CAAEU_0027_20250728_1,CAAEU_0027_20250728_1,20250728,2025-07-28,8,-4.24285582350026,-1.67658808900386,2.999,9.006,1.6931328462265502,observed,25724,True,1.0,,1.0,uniform,/home/jovyan/work/Dry-shRub/shrub/Final/artifacts/labeling/dl-bliss/sprint3/original/CAAEU_0027_20250728_1/Shrubs/CAAEU_0027_20250728_1.csv,sprint3_original,original,base,/home/jovyan/work/Dry-shRub/shrub/Final/artifacts/labeling/dl-bliss/sprint3/original/CAAEU_0027_20250728_1,/home/jovyan/work/Dry-shRub/shrub/Final/artifacts/labeling/dl-bliss/sprint3/original/CAAEU_0027_20250728_1/metrics/CAAEU_0027_20250728_1_metrics.csv,/home/jovyan/work/Dry-shRub/shrub/Final/artifacts/labeling/dl-bliss/sprint3/original/CAAEU_0027_20250728_1/Inventory/CAAEU_0027_20250728_1_inv.csv,/home/jovyan/work/Dry-shRub/shrub/Final/artifacts/labeling/dl-bliss/sprint3/original/CAAEU_0027_20250728_1/Fuels/CAAEU_0027_20250728_1.tif,/home/jovyan/work/Dry-shRub/shrub/Final/artifacts/labeling/dl-bliss/sprint3/original/CAAEU_0027_20250728_1/dtm/CAAEU_0027_20250728_1_dtm.tif,/home/jovyan/work/Dry-shRub/shrub/Final/artifacts/labeling/dl-bliss/sprint3/original/CAAEU_0027_20250728_1/chm/CAAEU_0027_20250728_1_chm.tif,/home/jovyan/work/Dry-shRub/shrub/Final/artifacts/labeling/ptx_cache/dl-bliss/CAAEU_0027_20250728_1.ptx,8,10.638267422513817,1.0,,-4.24285582350026,-1.67658808900386,-4.24285582350026,-1.67658808900386,True,,751328.0840039199,4319784.286355141,751329.0256675812,4319783.544355073,50.75940821133554,47.04277930222452
dl-bliss,CAAEU_0027_20250728_1,CAAEU_0027_20250728_1,20250728,2025-07-28,9,10.0522264986838,-2.3666065366395,2.999,8.026,1.598360142931218,observed,3394,True,1.0,,1.0,uniform,/home/jovyan/work/Dry-shRub/shrub/Final/artifacts/labeling/dl-bliss/sprint3/original/CAAEU_0027_20250728_1/Shrubs/CAAEU_0027_20250728_1.csv,sprint3_original,original,base,/home/jovyan/work/Dry-shRub/shrub/Final/artifacts/labeling/dl-bliss/sprint3/original/CAAEU_0027_20250728_1,/home/jovyan/work/Dry-shRub/shrub/Final/artifacts/labeling/dl-bliss/sprint3/original/CAAEU_0027_20250728_1/metrics/CAAEU_0027_20250728_1_metrics.csv,/home/jovyan/work/Dry-shRub/shrub/Final/artifacts/labeling/dl-bliss/sprint3/original/CAAEU_0027_20250728_1/Inventory/CAAEU_0027_20250728_1_inv.csv,/home/jovyan/work/Dry-shRub/shrub/Final/artifacts/labeling/dl-bliss/sprint3/original/CAAEU_0027_20250728_1/Fuels/CAAEU_0027_20250728_1.tif,/home/jovyan/work/Dry-shRub/shrub/Final/artifacts/labeling/dl-bliss/sprint3/original/CAAEU_0027_20250728_1/dtm/CAAEU_0027_20250728_1_dtm.tif,/home/jovyan/work/Dry-shRub/shrub/Final/artifacts/labeling/dl-bliss/sprint3/original/CAAEU_0027_20250728_1/chm/CAAEU_0027_20250728_1_chm.tif,/home/jovyan/work/Dry-shRub/shrub/Final/artifacts/labeling/ptx_cache/dl-bliss/CAAEU_0027_20250728_1.ptx,9,10.042792965646893,1.0,,10.0522264986838,-2.3666065366395,10.0522264986838,-2.3666065366395,True,,751342.33860507,4319783.009071504,751343.2803624865,4319782.267298646,52.88783558923751,70.8006041443441
dl-bliss,CAAEU_0027_20250728_1,CAAEU_0027_20250728_1,20250728,2025-07-28,10,-0.963223419690193,-4.75125928301815,2.999,8.266,1.622081847255315,observed,19825,True,1.0,,1.0,uniform,/home/jovyan/work/Dry-shRub/shrub/Final/artifacts/labeling/dl-bliss/sprint3/original/CAAEU_0027_20250728_1/Shrubs/CAAEU_0027_20250728_1.csv,sprint3_original,original,base,/home/jovyan/work/Dry-shRub/shrub/Final/artifacts/labeling/dl-bliss/sprint3/original/CAAEU_0027_20250728_1,/home/jovyan/work/Dry-shRub/shrub/Final/artifacts/labeling/dl-bliss/sprint3/original/CAAEU_0027_20250728_1/metrics/CAAEU_0027_20250728_1_metrics.csv,/home/jovyan/work/Dry-shRub/shrub/Final/artifacts/labeling/dl-bliss/sprint3/original/CAAEU_0027_20250728_1/Inventory/CAAEU_0027_20250728_1_inv.csv,/home/jovyan/work/Dry-shRub/shrub/Final/artifacts/labeling/dl-bliss/sprint3/original/CAAEU_0027_20250728_1/Fuels/CAAEU_0027_20250728_1.tif,/home/jovyan/work/Dry-shRub/shrub/Final/artifacts/labeling/dl-bliss/sprint3/original/CAAEU_0027_20250728_1/dtm/CAAEU_0027_20250728_1_dtm.tif,/home/jovyan/work/Dry-shRub/shrub/Final/artifacts/labeling/dl-bliss/sprint3/original/CAAEU_0027_20250728_1/chm/CAAEU_0027_20250728_1_chm.tif,/home/jovyan/work/Dry-shRub/shrub/Final/artifacts/labeling/ptx_cache/dl-bliss/CAAEU_0027_20250728_1.ptx,10,10.191840829717314,1.0000000000000002,,-0.963223419690193,-4.75125928301815,-0.963223419690193,-4.75125928301815,True,,751331.2344211373,4319781.0794183025,751332.1760349614,4319780.337520958,56.104131736792624,52.293391602346674
dl-bliss,CAAEU_0027_20250728_1,CAAEU_0027_20250728_1,20250728,2025-07-28,11,4.73861433413358,-7.13143108655586,2.997,9.126,1.7043755517236434,observed,5240,True,1.0,,1.0,uniform,/home/jovyan/work/Dry-shRub/shrub/Final/artifacts/labeling/dl-bliss/sprint3/original/CAAEU_0027_20250728_1/Shrubs/CAAEU_0027_20250728_1.csv,sprint3_original,original,base,/home/jovyan/work/Dry-shRub/shrub/Final/artifacts/labeling/dl-bliss/sprint3/original/CAAEU_0027_20250728_1,/home/jovyan/work/Dry-shRub/shrub/Final/artifacts/labeling/dl-bliss/sprint3/original/CAAEU_0027_20250728_1/metrics/CAAEU_0027_20250728_1_metrics.csv,/home/jovyan/work/Dry-shRub/shrub/Final/artifacts/labeling/dl-bliss/sprint3/original/CAAEU_0027_20250728_1/Inventory/CAAEU_0027_20250728_1_inv.csv,/home/jovyan/work/Dry-shRub/shrub/Final/artifacts/labeling/dl-bliss/sprint3/original/CAAEU_0027_20250728_1/Fuels/CAAEU_0027_20250728_1.tif,/home/jovyan/work/Dry-shRub/shrub/Final/artifacts/labeling/dl-bliss/sprint3/original/CAAEU_0027_20250728_1/dtm/CAAEU_0027_20250728_1_dtm.tif,/home/jovyan/work/Dry-shRub/shrub/Final/artifacts/labeling/dl-bliss/sprint3/original/CAAEU_0027_20250728_1/chm/CAAEU_0027_20250728_1_chm.tif,/home/jovyan/work/Dry-shRub/shrub/Final/artifacts/labeling/ptx_cache/dl-bliss/CAAEU_0027_20250728_1.ptx,11,10.708907424506096,1.0000000000000002,,4.73861433413358,-7.13143108655586,4.73861433413358,-7.13143108655586,True,,751336.8335518948,4319778.466786341,751337.775151602,4319777.725016242,60.45830626320094,61.6252526701428
dl-bliss,CAAEU_0027_20250728_1,CAAEU_0027_20250728_1,20250728,2025-07-28,12,8.75017398505362,-9.24216108767241,2.999,9.632,1.7509885275815693,observed,3415,True,1.0,,1.0,uniform,/home/jovyan/work/Dry-shRub/shrub/Final/artifacts/labeling/dl-bliss/sprint3/original/CAAEU_0027_20250728_1/Shrubs/CAAEU_0027_20250728_1.csv,sprint3_original,original,base,/home/jovyan/work/Dry-shRub/shrub/Final/artifacts/labeling/dl-bliss/sprint3/original/CAAEU_0027_20250728_1,/home/jovyan/work/Dry-shRub/shrub/Final/artifacts/labeling/dl-bliss/sprint3/original/CAAEU_0027_20250728_1/metrics/CAAEU_0027_20250728_1_metrics.csv,/home/jovyan/work/Dry-shRub/shrub/Final/artifacts/labeling/dl-bliss/sprint3/original/CAAEU_0027_20250728_1/Inventory/CAAEU_0027_20250728_1_inv.csv,/home/jovyan/work/Dry-shRub/shrub/Final/artifacts/labeling/dl-bliss/sprint3/original/CAAEU_0027_20250728_1/Fuels/CAAEU_0027_20250728_1.tif,/home/jovyan/work/Dry-shRub/shrub/Final/artifacts/labeling/dl-bliss/sprint3/original/CAAEU_0027_20250728_1/dtm/CAAEU_0027_20250728_1_dtm.tif,/home/jovyan/work/Dry-shRub/shrub/Final/artifacts/labeling/dl-bliss/sprint3/original/CAAEU_0027_20250728_1/chm/CAAEU_0027_20250728_1_chm.tif,/home/jovyan/work/Dry-shRub/shrub/Final/artifacts/labeling/ptx_cache/dl-bliss/CAAEU_0027_20250728_1.ptx,12,11.001785389540531,1.0,,8.75017398505362,-9.24216108767241,8.75017398505362,-9.24216108767241,True,,751340.7549160704,4319776.1928766435,751341.6964952019,4319775.451203743,64.24799376167357,68.16082533658482
dl-bliss,CAAEU_0027_20250728_1,CAAEU_0027_20250728_1,20250728,2025-07-28,13,3.43429182761945,-10.2731822808704,2.998,4.274,1.1663860653958111,observed,1979,True,1.0,,1.0,uniform,/home/jovyan/work/Dry-shRub/shrub/Final/artifacts/labeling/dl-bliss/sprint3/original/CAAEU_0027_20250728_1/Shrubs/CAAEU_0027_20250728_1.csv,sprint3_original,original,base,/home/jovyan/work/Dry-shRub/shrub/Final/artifacts/labeling/dl-bliss/sprint3/original/CAAEU_0027_20250728_1,/home/jovyan/work/Dry-shRub/shrub/Final/artifacts/labeling/dl-bliss/sprint3/original/CAAEU_0027_20250728_1/metrics/CAAEU_0027_20250728_1_metrics.csv,/home/jovyan/work/Dry-shRub/shrub/Final/artifacts/labeling/dl-bliss/sprint3/original/CAAEU_0027_20250728_1/Inventory/CAAEU_0027_20250728_1_inv.csv,/home/jovyan/work/Dry-shRub/shrub/Final/artifacts/labeling/dl-bliss/sprint3/original/CAAEU_0027_20250728_1/Fuels/CAAEU_0027_20250728_1.tif,/home/jovyan/work/Dry-shRub/shrub/Final/artifacts/labeling/dl-bliss/sprint3/original/CAAEU_0027_20250728_1/dtm/CAAEU_0027_20250728_1_dtm.tif,/home/jovyan/work/Dry-shRub/shrub/Final/artifacts/labeling/dl-bliss/sprint3/original/CAAEU_0027_20250728_1/chm/CAAEU_0027_20250728_1_chm.tif,/home/jovyan/work/Dry-shRub/shrub/Final/artifacts/labeling/ptx_cache/dl-bliss/CAAEU_0027_20250728_1.ptx,13,7.328619788593969,1.0,,3.43429182761945,-10.2731822808704,3.43429182761945,-10.2731822808704,True,,751335.4011376937,4319775.3813297255,751336.342650524,4319774.639594615,65.60067564062774,59.23775087343529
dl-bliss,CAAEU_0027_20250728_1,CAAEU_0027_20250728_1,20250728,2025-07-28,14,11.3079020193412,-9.33463683582075,2.956,0.332,0.325082885143187,observed,88,True,0.8,,1.0,uniform,/home/jovyan/work/Dry-shRub/shrub/Final/artifacts/labeling/dl-bliss/sprint3/original/CAAEU_0027_20250728_1/Shrubs/CAAEU_0027_20250728_1.csv,sprint3_original,original,base,/home/jovyan/work/Dry-shRub/shrub/Final/artifacts/labeling/dl-bliss/sprint3/original/CAAEU_0027_20250728_1,/home/jovyan/work/Dry-shRub/shrub/Final/artifacts/labeling/dl-bliss/sprint3/original/CAAEU_0027_20250728_1/metrics/CAAEU_0027_20250728_1_metrics.csv,/home/jovyan/work/Dry-shRub/shrub/Final/artifacts/labeling/dl-bliss/sprint3/original/CAAEU_0027_20250728_1/Inventory/CAAEU_0027_20250728_1_inv.csv,/home/jovyan/work/Dry-shRub/shrub/Final/artifacts/labeling/dl-bliss/sprint3/original/CAAEU_0027_20250728_1/Fuels/CAAEU_0027_20250728_1.tif,/home/jovyan/work/Dry-shRub/shrub/Final/artifacts/labeling/dl-bliss/sprint3/original/CAAEU_0027_20250728_1/dtm/CAAEU_0027_20250728_1_dtm.tif,/home/jovyan/work/Dry-shRub/shrub/Final/artifacts/labeling/dl-bliss/sprint3/original/CAAEU_0027_20250728_1/chm/CAAEU_0027_20250728_1_chm.tif,/home/jovyan/work/Dry-shRub/shrub/Final/artifacts/labeling/ptx_cache/dl-bliss/CAAEU_0027_20250728_1.ptx,14,2.0425560075472213,1.0000000000000002,,11.3079020193412,-9.33463683582075,11.3079020193412,-9.33463683582075,True,,751343.3066752375,4319775.995299065,751344.248271917,4319775.2536663525,64.57722274586558,72.41378652839921
dl-bliss,CAAEU_0027_20250728_1,CAAEU_0027_20250728_1,20250728,2025-07-28,15,9.98632393718167,-10.6609601775308,2.831,1.753,0.7469921221004844,observed,184,True,1.0,,1.0,uniform,/home/jovyan/work/Dry-shRub/shrub/Final/artifacts/labeling/dl-bliss/sprint3/original/CAAEU_0027_20250728_1/Shrubs/CAAEU_0027_20250728_1.csv,sprint3_original,original,base,/home/jovyan/work/Dry-shRub/shrub/Final/artifacts/labeling/dl-bliss/sprint3/original/CAAEU_0027_20250728_1,/home/jovyan/work/Dry-shRub/shrub/Final/artifacts/labeling/dl-bliss/sprint3/original/CAAEU_0027_20250728_1/metrics/CAAEU_0027_20250728_1_metrics.csv,/home/jovyan/work/Dry-shRub/shrub/Final/artifacts/labeling/dl-bliss/sprint3/original/CAAEU_0027_20250728_1/Inventory/CAAEU_0027_20250728_1_inv.csv,/home/jovyan/work/Dry-shRub/shrub/Final/artifacts/labeling/dl-bliss/sprint3/original/CAAEU_0027_20250728_1/Fuels/CAAEU_0027_20250728_1.tif,/home/jovyan/work/Dry-shRub/shrub/Final/artifacts/labeling/dl-bliss/sprint3/original/CAAEU_0027_20250728_1/dtm/CAAEU_0027_20250728_1_dtm.tif,/home/jovyan/work/Dry-shRub/shrub/Final/artifacts/labeling/dl-bliss/sprint3/original/CAAEU_0027_20250728_1/chm/CAAEU_0027_20250728_1_chm.tif,/home/jovyan/work/Dry-shRub/shrub/Final/artifacts/labeling/ptx_cache/dl-bliss/CAAEU_0027_20250728_1.ptx,15,4.693489926160663,1.0,,9.98632393718167,-10.6609601775308,9.98632393718167,-10.6609601775308,True,,751341.9316747822,4319774.724444208,751342.8732287961,4319773.982814654,66.6953089106828,70.12204799358733
dl-bliss,CAAEU_0027_20250728_1,CAAEU_0027_20250728_1,20250728,2025-07-28,11,3.72173181088803,4.77125637471859,0.283,0.196,0.2497773762613879,observed,259,True,1.0,,1.0,uniform,/home/jovyan/work/Dry-shRub/shrub/Final/artifacts/labeling/dl-bliss/sprint3/revised/CAAEU_0027_20250728_1/Shrubs/CAAEU_0027_20250728_1.csv,sprint3_revised,revised,base,/home/jovyan/work/Dry-shRub/shrub/Final/artifacts/labeling/dl-bliss/sprint3/revised/CAAEU_0027_20250728_1,/home/jovyan/work/Dry-shRub/shrub/Final/artifacts/labeling/dl-bliss/sprint3/revised/CAAEU_0027_20250728_1/metrics/CAAEU_0027_20250728_1_metrics.csv,/home/jovyan/work/Dry-shRub/shrub/Final/artifacts/labeling/dl-bliss/sprint3/revised/CAAEU_0027_20250728_1/Inventory/CAAEU_0027_20250728_1_inv.csv,/home/jovyan/work/Dry-shRub/shrub/Final/artifacts/labeling/dl-bliss/sprint3/revised/CAAEU_0027_20250728_1/Fuels/CAAEU_0027_20250728_1.tif,/home/jovyan/work/Dry-shRub/shrub/Final/artifacts/labeling/dl-bliss/sprint3/revised/CAAEU_0027_20250728_1/dtm/CAAEU_0027_20250728_1_dtm.tif,/home/jovyan/work/Dry-shRub/shrub/Final/artifacts/labeling/dl-bliss/sprint3/revised/CAAEU_0027_20250728_1/chm/CAAEU_0027_20250728_1_chm.tif,/home/jovyan/work/Dry-shRub/shrub/Final/artifacts/labeling/ptx_cache/dl-bliss/CAAEU_0027_20250728_1.ptx,1,1.56939754059142,1.0,,3.72173181088803,4.77125637471859,3.72173181088803,4.77125637471859,True,,751336.3069973317,4319790.401221916,751337.2488803912,4319789.659229832,33.56795028038323,61.748133985558525
dl-bliss,CAAEU_0027_20250728_1,CAAEU_0027_20250728_1,20250728,2025-07-28,17,4.23981666373781,2.68519629353015,0.055,0.114,0.1904923279949933,observed,185,True,1.0,,1.0,uniform,/home/jovyan/work/Dry-shRub/shrub/Final/artifacts/labeling/dl-bliss/sprint3/revised/CAAEU_0027_20250728_1/Shrubs/CAAEU_0027_20250728_1.csv,sprint3_revised,revised,base,/home/jovyan/work/Dry-shRub/shrub/Final/artifacts/labeling/dl-bliss/sprint3/revised/CAAEU_0027_20250728_1,/home/jovyan/work/Dry-shRub/shrub/Final/artifacts/labeling/dl-bliss/sprint3/revised/CAAEU_0027_20250728_1/metrics/CAAEU_0027_20250728_1_metrics.csv,/home/jovyan/work/Dry-shRub/shrub/Final/artifacts/labeling/dl-bliss/sprint3/revised/CAAEU_0027_20250728_1/Inventory/CAAEU_0027_20250728_1_inv.csv,/home/jovyan/work/Dry-shRub/shrub/Final/artifacts/labeling/dl-bliss/sprint3/revised/CAAEU_0027_20250728_1/Fuels/CAAEU_0027_20250728_1.tif,/home/jovyan/work/Dry-shRub/shrub/Final/artifacts/labeling/dl-bliss/sprint3/revised/CAAEU_0027_20250728_1/dtm/CAAEU_0027_20250728_1_dtm.tif,/home/jovyan/work/Dry-shRub/shrub/Final/artifacts/labeling/dl-bliss/sprint3/revised/CAAEU_0027_20250728_1/chm/CAAEU_0027_20250728_1_chm.tif,/home/jovyan/work/Dry-shRub/shrub/Final/artifacts/labeling/ptx_cache/dl-bliss/CAAEU_0027_20250728_1.ptx,2,1.196898596388577,1.0,,4.23981666373781,2.68519629353015,4.23981666373781,2.68519629353015,True,,751336.7388596887,4319788.295621531,751337.6806956914,4319787.553673421,37.077210964635015,62.4678261524532
dl-bliss,CAAEU_0027_20250728_1,CAAEU_0027_20250728_1,20250728,2025-07-28,18,10.2252981480563,2.25711636407229,0.387,0.202,0.2535716802190768,observed,236,True,1.0,,1.0,uniform,/home/jovyan/work/Dry-shRub/shrub/Final/artifacts/labeling/dl-bliss/sprint3/revised/CAAEU_0027_20250728_1/Shrubs/CAAEU_0027_20250728_1.csv,sprint3_revised,revised,base,/home/jovyan/work/Dry-shRub/shrub/Final/artifacts/labeling/dl-bliss/sprint3/revised/CAAEU_0027_20250728_1,/home/jovyan/work/Dry-shRub/shrub/Final/artifacts/labeling/dl-bliss/sprint3/revised/CAAEU_0027_20250728_1/metrics/CAAEU_0027_20250728_1_metrics.csv,/home/jovyan/work/Dry-shRub/shrub/Final/artifacts/labeling/dl-bliss/sprint3/revised/CAAEU_0027_20250728_1/Inventory/CAAEU_0027_20250728_1_inv.csv,/home/jovyan/work/Dry-shRub/shrub/Final/artifacts/labeling/dl-bliss/sprint3/revised/CAAEU_0027_20250728_1/Fuels/CAAEU_0027_20250728_1.tif,/home/jovyan/work/Dry-shRub/shrub/Final/artifacts/labeling/dl-bliss/sprint3/revised/CAAEU_0027_20250728_1/dtm/CAAEU_0027_20250728_1_dtm.tif,/home/jovyan/work/Dry-shRub/shrub/Final/artifacts/labeling/dl-bliss/sprint3/revised/CAAEU_0027_20250728_1/chm/CAAEU_0027_20250728_1_chm.tif,/home/jovyan/work/Dry-shRub/shrub/Final/artifacts/labeling/ptx_cache/dl-bliss/CAAEU_0027_20250728_1.ptx,3,1.5932378554693436,1.0,,10.2252981480563,2.25711636407229,10.2252981480563,2.25711636407229,True,,751342.7016686273,4319787.621766024,751343.6435405915,4319786.879915453,38.20014091208577,72.40590098593384
dl-bliss,CAAEU_0027_20250728_1,CAAEU_0027_20250728_1,20250728,2025-07-28,19,-9.22416270542704,0.767830280808258,0.654,0.194,0.2484997342446373,observed,228,True,1.0,,1.0,uniform,/home/jovyan/work/Dry-shRub/shrub/Final/artifacts/labeling/dl-bliss/sprint3/revised/CAAEU_0027_20250728_1/Shrubs/CAAEU_0027_20250728_1.csv,sprint3_revised,revised,base,/home/jovyan/work/Dry-shRub/shrub/Final/artifacts/labeling/dl-bliss/sprint3/revised/CAAEU_0027_20250728_1,/home/jovyan/work/Dry-shRub/shrub/Final/artifacts/labeling/dl-bliss/sprint3/revised/CAAEU_0027_20250728_1/metrics/CAAEU_0027_20250728_1_metrics.csv,/home/jovyan/work/Dry-shRub/shrub/Final/artifacts/labeling/dl-bliss/sprint3/revised/CAAEU_0027_20250728_1/Inventory/CAAEU_0027_20250728_1_inv.csv,/home/jovyan/work/Dry-shRub/shrub/Final/artifacts/labeling/dl-bliss/sprint3/revised/CAAEU_0027_20250728_1/Fuels/CAAEU_0027_20250728_1.tif,/home/jovyan/work/Dry-shRub/shrub/Final/artifacts/labeling/dl-bliss/sprint3/revised/CAAEU_0027_20250728_1/dtm/CAAEU_0027_20250728_1_dtm.tif,/home/jovyan/work/Dry-shRub/shrub/Final/artifacts/labeling/dl-bliss/sprint3/revised/CAAEU_0027_20250728_1/chm/CAAEU_0027_20250728_1_chm.tif,/home/jovyan/work/Dry-shRub/shrub/Final/artifacts/labeling/ptx_cache/dl-bliss/CAAEU_0027_20250728_1.ptx,4,1.5613698790439374,1.0,,-9.22416270542704,0.767830280808258,-9.22416270542704,0.767830280808258,True,,751323.2074358149,4319786.933549323,751324.1491207879,4319786.191431979,39.3476133691147,39.91520131309517
dl-bliss,CAAEU_0027_20250728_1,CAAEU_0027_20250728_1,20250728,2025-07-28,20,-2.22839537361385,-0.784631118754861,0.15,0.261,0.2882340720559757,observed,3309,True,1.0,,1.0,uniform,/home/jovyan/work/Dry-shRub/shrub/Final/artifacts/labeling/dl-bliss/sprint3/revised/CAAEU_0027_20250728_1/Shrubs/CAAEU_0027_20250728_1.csv,sprint3_revised,revised,base,/home/jovyan/work/Dry-shRub/shrub/Final/artifacts/labeling/dl-bliss/sprint3/revised/CAAEU_0027_20250728_1,/home/jovyan/work/Dry-shRub/shrub/Final/artifacts/labeling/dl-bliss/sprint3/revised/CAAEU_0027_20250728_1/metrics/CAAEU_0027_20250728_1_metrics.csv,/home/jovyan/work/Dry-shRub/shrub/Final/artifacts/labeling/dl-bliss/sprint3/revised/CAAEU_0027_20250728_1/Inventory/CAAEU_0027_20250728_1_inv.csv,/home/jovyan/work/Dry-shRub/shrub/Final/artifacts/labeling/dl-bliss/sprint3/revised/CAAEU_0027_20250728_1/Fuels/CAAEU_0027_20250728_1.tif,/home/jovyan/work/Dry-shRub/shrub/Final/artifacts/labeling/dl-bliss/sprint3/revised/CAAEU_0027_20250728_1/dtm/CAAEU_0027_20250728_1_dtm.tif,/home/jovyan/work/Dry-shRub/shrub/Final/artifacts/labeling/dl-bliss/sprint3/revised/CAAEU_0027_20250728_1/chm/CAAEU_0027_20250728_1_chm.tif,/home/jovyan/work/Dry-shRub/shrub/Final/artifacts/labeling/ptx_cache/dl-bliss/CAAEU_0027_20250728_1.ptx,5,1.8110280865706485,1.0,,-2.22839537361385,-0.784631118754861,-2.22839537361385,-0.784631118754861,True,,751330.1334377888,4319785.094718036,751331.0751388248,4319784.352732797,42.41211200505495,51.45856470800936
dl-bliss,CAAEU_0027_20250728_1,CAAEU_0027_20250728_1,20250728,2025-07-28,21,1.50047325114046,-0.498892653536372,0.591,0.995,0.5627773420748847,observed,23337,True,1.0,,1.0,uniform,/home/jovyan/work/Dry-shRub/shrub/Final/artifacts/labeling/dl-bliss/sprint3/revised/CAAEU_0027_20250728_1/Shrubs/CAAEU_0027_20250728_1.csv,sprint3_revised,revised,base,/home/jovyan/work/Dry-shRub/shrub/Final/artifacts/labeling/dl-bliss/sprint3/revised/CAAEU_0027_20250728_1,/home/jovyan/work/Dry-shRub/shrub/Final/artifacts/labeling/dl-bliss/sprint3/revised/CAAEU_0027_20250728_1/metrics/CAAEU_0027_20250728_1_metrics.csv,/home/jovyan/work/Dry-shRub/shrub/Final/artifacts/labeling/dl-bliss/sprint3/revised/CAAEU_0027_20250728_1/Inventory/CAAEU_0027_20250728_1_inv.csv,/home/jovyan/work/Dry-shRub/shrub/Final/artifacts/labeling/dl-bliss/sprint3/revised/CAAEU_0027_20250728_1/Fuels/CAAEU_0027_20250728_1.tif,/home/jovyan/work/Dry-shRub/shrub/Final/artifacts/labeling/dl-bliss/sprint3/revised/CAAEU_0027_20250728_1/dtm/CAAEU_0027_20250728_1_dtm.tif,/home/jovyan/work/Dry-shRub/shrub/Final/artifacts/labeling/dl-bliss/sprint3/revised/CAAEU_0027_20250728_1/chm/CAAEU_0027_20250728_1_chm.tif,/home/jovyan/work/Dry-shRub/shrub/Final/artifacts/labeling/ptx_cache/dl-bliss/CAAEU_0027_20250728_1.ptx,6,3.5360343269384957,1.0,,1.50047325114046,-0.498892653536372,1.50047325114046,-0.498892653536372,True,,751333.8708988184,4319785.22687456,751334.812635678,4319784.484940473,42.19176587834954,57.68772613001056
dl-bliss,CAAEU_0027_20250728_1,CAAEU_0027_20250728_1,20250728,2025-07-28,24,6.12448262170747,-3.13606583018182,0.552,1.54,0.7001408606295147,observed,1969,True,1.0,,1.0,uniform,/home/jovyan/work/Dry-shRub/shrub/Final/artifacts/labeling/dl-bliss/sprint3/revised/CAAEU_0027_20250728_1/Shrubs/CAAEU_0027_20250728_1.csv,sprint3_revised,revised,base,/home/jovyan/work/Dry-shRub/shrub/Final/artifacts/labeling/dl-bliss/sprint3/revised/CAAEU_0027_20250728_1,/home/jovyan/work/Dry-shRub/shrub/Final/artifacts/labeling/dl-bliss/sprint3/revised/CAAEU_0027_20250728_1/metrics/CAAEU_0027_20250728_1_metrics.csv,/home/jovyan/work/Dry-shRub/shrub/Final/artifacts/labeling/dl-bliss/sprint3/revised/CAAEU_0027_20250728_1/Inventory/CAAEU_0027_20250728_1_inv.csv,/home/jovyan/work/Dry-shRub/shrub/Final/artifacts/labeling/dl-bliss/sprint3/revised/CAAEU_0027_20250728_1/Fuels/CAAEU_0027_20250728_1.tif,/home/jovyan/work/Dry-shRub/shrub/Final/artifacts/labeling/dl-bliss/sprint3/revised/CAAEU_0027_20250728_1/dtm/CAAEU_0027_20250728_1_dtm.tif,/home/jovyan/work/Dry-shRub/shrub/Final/artifacts/labeling/dl-bliss/sprint3/revised/CAAEU_0027_20250728_1/chm/CAAEU_0027_20250728_1_chm.tif,/home/jovyan/work/Dry-shRub/shrub/Final/artifacts/labeling/ptx_cache/dl-bliss/CAAEU_0027_20250728_1.ptx,7,4.399114768463438,1.0,,6.12448262170747,-3.13606583018182,6.12448262170747,-3.13606583018182,True,,751338.382545458,4319782.401781575,751339.3242536031,4319781.659962908,46.90006181970239,65.20708933868445
dl-bliss,CAAEU_0027_20250728_1,CAAEU_0027_20250728_1,20250728,2025-07-28,25,14.2485264807442,-3.7408601431231,0.614,0.213,0.2603843423809262,observed,227,True,1.0,,1.0,uniform,/home/jovyan/work/Dry-shRub/shrub/Final/artifacts/labeling/dl-bliss/sprint3/revised/CAAEU_0027_20250728_1/Shrubs/CAAEU_0027_20250728_1.csv,sprint3_revised,revised,base,/home/jovyan/work/Dry-shRub/shrub/Final/artifacts/labeling/dl-bliss/sprint3/revised/CAAEU_0027_20250728_1,/home/jovyan/work/Dry-shRub/shrub/Final/artifacts/labeling/dl-bliss/sprint3/revised/CAAEU_0027_20250728_1/metrics/CAAEU_0027_20250728_1_metrics.csv,/home/jovyan/work/Dry-shRub/shrub/Final/artifacts/labeling/dl-bliss/sprint3/revised/CAAEU_0027_20250728_1/Inventory/CAAEU_0027_20250728_1_inv.csv,/home/jovyan/work/Dry-shRub/shrub/Final/artifacts/labeling/dl-bliss/sprint3/revised/CAAEU_0027_20250728_1/Fuels/CAAEU_0027_20250728_1.tif,/home/jovyan/work/Dry-shRub/shrub/Final/artifacts/labeling/dl-bliss/sprint3/revised/CAAEU_0027_20250728_1/dtm/CAAEU_0027_20250728_1_dtm.tif,/home/jovyan/work/Dry-shRub/shrub/Final/artifacts/labeling/dl-bliss/sprint3/revised/CAAEU_0027_20250728_1/chm/CAAEU_0027_20250728_1_chm.tif,/home/jovyan/work/Dry-shRub/shrub/Final/artifacts/labeling/ptx_cache/dl-bliss/CAAEU_0027_20250728_1.ptx,8,1.6360430742674543,1.0,,14.2485264807442,-3.7408601431231,14.2485264807442,-3.7408601431231,True,,751346.474838787,4319781.463418233,751347.4165951349,4319780.721732527,48.463779121637344,78.69432522496209
dl-bliss,CAAEU_0027_20250728_1,CAAEU_0027_20250728_1,20250728,2025-07-28,27,-12.7427489449266,-4.22656176745615,1.108,0.983,0.5593734156345529,observed,569,True,1.0,,1.0,uniform,/home/jovyan/work/Dry-shRub/shrub/Final/artifacts/labeling/dl-bliss/sprint3/revised/CAAEU_0027_20250728_1/Shrubs/CAAEU_0027_20250728_1.csv,sprint3_revised,revised,base,/home/jovyan/work/Dry-shRub/shrub/Final/artifacts/labeling/dl-bliss/sprint3/revised/CAAEU_0027_20250728_1,/home/jovyan/work/Dry-shRub/shrub/Final/artifacts/labeling/dl-bliss/sprint3/revised/CAAEU_0027_20250728_1/metrics/CAAEU_0027_20250728_1_metrics.csv,/home/jovyan/work/Dry-shRub/shrub/Final/artifacts/labeling/dl-bliss/sprint3/revised/CAAEU_0027_20250728_1/Inventory/CAAEU_0027_20250728_1_inv.csv,/home/jovyan/work/Dry-shRub/shrub/Final/artifacts/labeling/dl-bliss/sprint3/revised/CAAEU_0027_20250728_1/Fuels/CAAEU_0027_20250728_1.tif,/home/jovyan/work/Dry-shRub/shrub/Final/artifacts/labeling/dl-bliss/sprint3/revised/CAAEU_0027_20250728_1/dtm/CAAEU_0027_20250728_1_dtm.tif,/home/jovyan/work/Dry-shRub/shrub/Final/artifacts/labeling/dl-bliss/sprint3/revised/CAAEU_0027_20250728_1/chm/CAAEU_0027_20250728_1_chm.tif,/home/jovyan/work/Dry-shRub/shrub/Final/artifacts/labeling/ptx_cache/dl-bliss/CAAEU_0027_20250728_1.ptx,9,3.5146468263418824,1.0,,-12.7427489449266,-4.22656176745615,-12.7427489449266,-4.22656176745615,True,,751319.4864480629,4319782.088074981,751320.4279838899,4319781.34599133,47.42334778327495,33.71330648334697
dl-bliss,CAAEU_0027_20250728_1,CAAEU_0027_20250728_1,20250728,2025-07-28,28,-5.25713210075359,-4.72386674222752,0.544,1.574,0.7078274937110641,observed,1138,True,1.0,,1.0,uniform,/home/jovyan/work/Dry-shRub/shrub/Final/artifacts/labeling/dl-bliss/sprint3/revised/CAAEU_0027_20250728_1/Shrubs/CAAEU_0027_20250728_1.csv,sprint3_revised,revised,base,/home/jovyan/work/Dry-shRub/shrub/Final/artifacts/labeling/dl-bliss/sprint3/revised/CAAEU_0027_20250728_1,/home/jovyan/work/Dry-shRub/shrub/Final/artifacts/labeling/dl-bliss/sprint3/revised/CAAEU_0027_20250728_1/metrics/CAAEU_0027_20250728_1_metrics.csv,/home/jovyan/work/Dry-shRub/shrub/Final/artifacts/labeling/dl-bliss/sprint3/revised/CAAEU_0027_20250728_1/Inventory/CAAEU_0027_20250728_1_inv.csv,/home/jovyan/work/Dry-shRub/shrub/Final/artifacts/labeling/dl-bliss/sprint3/revised/CAAEU_0027_20250728_1/Fuels/CAAEU_0027_20250728_1.tif,/home/jovyan/work/Dry-shRub/shrub/Final/artifacts/labeling/dl-bliss/sprint3/revised/CAAEU_0027_20250728_1/dtm/CAAEU_0027_20250728_1_dtm.tif,/home/jovyan/work/Dry-shRub/shrub/Final/artifacts/labeling/dl-bliss/sprint3/revised/CAAEU_0027_20250728_1/chm/CAAEU_0027_20250728_1_chm.tif,/home/jovyan/work/Dry-shRub/shrub/Final/artifacts/labeling/ptx_cache/dl-bliss/CAAEU_0027_20250728_1.ptx,10,4.447411308503109,1.0000000000000002,,-5.25713210075359,-4.72386674222752,-5.25713210075359,-4.72386674222752,True,,751326.9452752541,4319781.283363739,751327.8868566043,4319780.541401293,48.764331177808344,46.14476100727916
dl-bliss,CAAEU_0027_20250728_1,CAAEU_0027_20250728_1,20250728,2025-07-28,30,1.23742362260761,-5.49020866402467,0.586,1.461,0.6819462909309781,observed,2521,True,1.0,,1.0,uniform,/home/jovyan/work/Dry-shRub/shrub/Final/artifacts/labeling/dl-bliss/sprint3/revised/CAAEU_0027_20250728_1/Shrubs/CAAEU_0027_20250728_1.csv,sprint3_revised,revised,base,/home/jovyan/work/Dry-shRub/shrub/Final/artifacts/labeling/dl-bliss/sprint3/revised/CAAEU_0027_20250728_1,/home/jovyan/work/Dry-shRub/shrub/Final/artifacts/labeling/dl-bliss/sprint3/revised/CAAEU_0027_20250728_1/metrics/CAAEU_0027_20250728_1_metrics.csv,/home/jovyan/work/Dry-shRub/shrub/Final/artifacts/labeling/dl-bliss/sprint3/revised/CAAEU_0027_20250728_1/Inventory/CAAEU_0027_20250728_1_inv.csv,/home/jovyan/work/Dry-shRub/shrub/Final/artifacts/labeling/dl-bliss/sprint3/revised/CAAEU_0027_20250728_1/Fuels/CAAEU_0027_20250728_1.tif,/home/jovyan/work/Dry-shRub/shrub/Final/artifacts/labeling/dl-bliss/sprint3/revised/CAAEU_0027_20250728_1/dtm/CAAEU_0027_20250728_1_dtm.tif,/home/jovyan/work/Dry-shRub/shrub/Final/artifacts/labeling/dl-bliss/sprint3/revised/CAAEU_0027_20250728_1/chm/CAAEU_0027_20250728_1_chm.tif,/home/jovyan/work/Dry-shRub/shrub/Final/artifacts/labeling/ptx_cache/dl-bliss/CAAEU_0027_20250728_1.ptx,11,4.284794915463137,1.0,,1.23742362260761,-5.49020866402467,1.23742362260761,-5.49020866402467,True,,751333.4028171785,4319780.250597996,751334.3444299413,4319779.508746623,50.4854222945869,56.9073832356371
dl-bliss,CAAEU_0027_20250728_1,CAAEU_0027_20250728_1,20250728,2025-07-28,31,11.2395653789205,-5.73784128031231,1.058,2.103,0.8181721644278249,observed,1132,True,1.0,,1.0,uniform,/home/jovyan/work/Dry-shRub/shrub/Final/artifacts/labeling/dl-bliss/sprint3/revised/CAAEU_0027_20250728_1/Shrubs/CAAEU_0027_20250728_1.csv,sprint3_revised,revised,base,/home/jovyan/work/Dry-shRub/shrub/Final/artifacts/labeling/dl-bliss/sprint3/revised/CAAEU_0027_20250728_1,/home/jovyan/work/Dry-shRub/shrub/Final/artifacts/labeling/dl-bliss/sprint3/revised/CAAEU_0027_20250728_1/metrics/CAAEU_0027_20250728_1_metrics.csv,/home/jovyan/work/Dry-shRub/shrub/Final/artifacts/labeling/dl-bliss/sprint3/revised/CAAEU_0027_20250728_1/Inventory/CAAEU_0027_20250728_1_inv.csv,/home/jovyan/work/Dry-shRub/shrub/Final/artifacts/labeling/dl-bliss/sprint3/revised/CAAEU_0027_20250728_1/Fuels/CAAEU_0027_20250728_1.tif,/home/jovyan/work/Dry-shRub/shrub/Final/artifacts/labeling/dl-bliss/sprint3/revised/CAAEU_0027_20250728_1/dtm/CAAEU_0027_20250728_1_dtm.tif,/home/jovyan/work/Dry-shRub/shrub/Final/artifacts/labeling/dl-bliss/sprint3/revised/CAAEU_0027_20250728_1/chm/CAAEU_0027_20250728_1_chm.tif,/home/jovyan/work/Dry-shRub/shrub/Final/artifacts/labeling/ptx_cache/dl-bliss/CAAEU_0027_20250728_1.ptx,12,5.140727322276231,1.0,,11.2395653789205,-5.73784128031231,11.2395653789205,-5.73784128031231,True,,751343.3863052513,4319779.591862229,751344.3279893801,4319778.850165887,51.58305685501546,73.54664896684699
dl-bliss,CAAEU_0027_20250728_1,CAAEU_0027_20250728_1,20250728,2025-07-28,32,-8.80800864356172,-6.67400332026841,0.832,1.178,0.6123471612774125,observed,924,True,1.0,,1.0,uniform,/home/jovyan/work/Dry-shRub/shrub/Final/artifacts/labeling/dl-bliss/sprint3/revised/CAAEU_0027_20250728_1/Shrubs/CAAEU_0027_20250728_1.csv,sprint3_revised,revised,base,/home/jovyan/work/Dry-shRub/shrub/Final/artifacts/labeling/dl-bliss/sprint3/revised/CAAEU_0027_20250728_1,/home/jovyan/work/Dry-shRub/shrub/Final/artifacts/labeling/dl-bliss/sprint3/revised/CAAEU_0027_20250728_1/metrics/CAAEU_0027_20250728_1_metrics.csv,/home/jovyan/work/Dry-shRub/shrub/Final/artifacts/labeling/dl-bliss/sprint3/revised/CAAEU_0027_20250728_1/Inventory/CAAEU_0027_20250728_1_inv.csv,/home/jovyan/work/Dry-shRub/shrub/Final/artifacts/labeling/dl-bliss/sprint3/revised/CAAEU_0027_20250728_1/Fuels/CAAEU_0027_20250728_1.tif,/home/jovyan/work/Dry-shRub/shrub/Final/artifacts/labeling/dl-bliss/sprint3/revised/CAAEU_0027_20250728_1/dtm/CAAEU_0027_20250728_1_dtm.tif,/home/jovyan/work/Dry-shRub/shrub/Final/artifacts/labeling/dl-bliss/sprint3/revised/CAAEU_0027_20250728_1/chm/CAAEU_0027_20250728_1_chm.tif,/home/jovyan/work/Dry-shRub/shrub/Final/artifacts/labeling/ptx_cache/dl-bliss/CAAEU_0027_20250728_1.ptx,13,3.8474906866313674,1.0,,-8.80800864356172,-6.67400332026841,-8.80800864356172,-6.67400332026841,True,,751323.3172115651,4319779.48089756,751324.2587179076,4319778.738915541,51.76847409829497,40.0978631793987
dl-bliss,CAAEU_0027_20250728_1,CAAEU_0027_20250728_1,20250728,2025-07-28,33,-4.75852829238651,-6.73957907043506,0.563,0.184,0.2420103697319961,observed,305,True,1.0,,1.0,uniform,/home/jovyan/work/Dry-shRub/shrub/Final/artifacts/labeling/dl-bliss/sprint3/revised/CAAEU_0027_20250728_1/Shrubs/CAAEU_0027_20250728_1.csv,sprint3_revised,revised,base,/home/jovyan/work/Dry-shRub/shrub/Final/artifacts/labeling/dl-bliss/sprint3/revised/CAAEU_0027_20250728_1,/home/jovyan/work/Dry-shRub/shrub/Final/artifacts/labeling/dl-bliss/sprint3/revised/CAAEU_0027_20250728_1/metrics/CAAEU_0027_20250728_1_metrics.csv,/home/jovyan/work/Dry-shRub/shrub/Final/artifacts/labeling/dl-bliss/sprint3/revised/CAAEU_0027_20250728_1/Inventory/CAAEU_0027_20250728_1_inv.csv,/home/jovyan/work/Dry-shRub/shrub/Final/artifacts/labeling/dl-bliss/sprint3/revised/CAAEU_0027_20250728_1/Fuels/CAAEU_0027_20250728_1.tif,/home/jovyan/work/Dry-shRub/shrub/Final/artifacts/labeling/dl-bliss/sprint3/revised/CAAEU_0027_20250728_1/dtm/CAAEU_0027_20250728_1_dtm.tif,/home/jovyan/work/Dry-shRub/shrub/Final/artifacts/labeling/dl-bliss/sprint3/revised/CAAEU_0027_20250728_1/chm/CAAEU_0027_20250728_1_chm.tif,/home/jovyan/work/Dry-shRub/shrub/Final/artifacts/labeling/ptx_cache/dl-bliss/CAAEU_0027_20250728_1.ptx,14,1.5205959992851776,1.0,,-4.75852829238651,-6.73957907043506,-4.75852829238651,-6.73957907043506,True,,751327.3605659313,4319779.248852707,751328.3021018754,4319778.506932763,52.15511206071824,46.83683645911515
dl-bliss,CAAEU_0027_20250728_1,CAAEU_0027_20250728_1,20250728,2025-07-28,38,-10.7624441497943,-9.74067286884844,1.026,1.101,0.5919959329998421,observed,401,True,1.0,,1.0,uniform,/home/jovyan/work/Dry-shRub/shrub/Final/artifacts/labeling/dl-bliss/sprint3/revised/CAAEU_0027_20250728_1/Shrubs/CAAEU_0027_20250728_1.csv,sprint3_revised,revised,base,/home/jovyan/work/Dry-shRub/shrub/Final/artifacts/labeling/dl-bliss/sprint3/revised/CAAEU_0027_20250728_1,/home/jovyan/work/Dry-shRub/shrub/Final/artifacts/labeling/dl-bliss/sprint3/revised/CAAEU_0027_20250728_1/metrics/CAAEU_0027_20250728_1_metrics.csv,/home/jovyan/work/Dry-shRub/shrub/Final/artifacts/labeling/dl-bliss/sprint3/revised/CAAEU_0027_20250728_1/Inventory/CAAEU_0027_20250728_1_inv.csv,/home/jovyan/work/Dry-shRub/shrub/Final/artifacts/labeling/dl-bliss/sprint3/revised/CAAEU_0027_20250728_1/Fuels/CAAEU_0027_20250728_1.tif,/home/jovyan/work/Dry-shRub/shrub/Final/artifacts/labeling/dl-bliss/sprint3/revised/CAAEU_0027_20250728_1/dtm/CAAEU_0027_20250728_1_dtm.tif,/home/jovyan/work/Dry-shRub/shrub/Final/artifacts/labeling/dl-bliss/sprint3/revised/CAAEU_0027_20250728_1/chm/CAAEU_0027_20250728_1_chm.tif,/home/jovyan/work/Dry-shRub/shrub/Final/artifacts/labeling/ptx_cache/dl-bliss/CAAEU_0027_20250728_1.ptx,15,3.719620148134679,1.0,,-10.7624441497943,-9.74067286884844,-10.7624441497943,-9.74067286884844,True,,751321.2383224565,4319776.497193322,751322.1797388837,4319775.755235149,56.741274752654135,36.63289813976735
independence-lake,CATNF_6118_20250820_1,CATNF_6118_20250820_1,20250820,2025-08-20,1,-0.721416458793812,9.54574045819115,2.999,6.763,1.4672183751101866,observed,14521,True,1.0,,1.0,uniform,/home/jovyan/work/Dry-shRub/shrub/Final/artifacts/labeling/independence-lake/sprint3/original/CATNF_6118_20250820_1/Shrubs/CATNF_6118_20250820_1.csv,sprint3_original,original,base,/home/jovyan/work/Dry-shRub/shrub/Final/artifacts/labeling/independence-lake/sprint3/original/CATNF_6118_20250820_1,/home/jovyan/work/Dry-shRub/shrub/Final/artifacts/labeling/independence-lake/sprint3/original/CATNF_6118_20250820_1/metrics/CATNF_6118_20250820_1_metrics.csv,/home/jovyan/work/Dry-shRub/shrub/Final/artifacts/labeling/independence-lake/sprint3/original/CATNF_6118_20250820_1/Inventory/CATNF_6118_20250820_1_inv.csv,/home/jovyan/work/Dry-shRub/shrub/Final/artifacts/labeling/independence-lake/sprint3/original/CATNF_6118_20250820_1/Fuels/CATNF_6118_20250820_1.tif,/home/jovyan/work/Dry-shRub/shrub/Final/artifacts/labeling/independence-lake/sprint3/original/CATNF_6118_20250820_1/dtm/CATNF_6118_20250820_1_dtm.tif,/home/jovyan/work/Dry-shRub/shrub/Final/artifacts/labeling/independence-lake/sprint3/original/CATNF_6118_20250820_1/chm/CATNF_6118_20250820_1_chm.tif,/home/jovyan/work/Dry-shRub/shrub/Final/artifacts/labeling/ptx_cache/independence-lake/CATNF_6118_20250820_1.ptx,1,9.21880493691623,1.0000000000000002,,-0.721416458793812,9.54574045819115,-0.721416458793812,9.54574045819115,True,,733882.862982412,4370723.421677391,733883.5269841822,4370723.026700958,52.622165069915354,34.21164030348882
independence-lake,CATNF_6118_20250820_1,CATNF_6118_20250820_1,20250820,2025-08-20,2,-5.88262183406475,7.49413686835156,2.999,5.641,1.3399948014685592,observed,14598,True,1.0,,1.0,uniform,/home/jovyan/work/Dry-shRub/shrub/Final/artifacts/labeling/independence-lake/sprint3/original/CATNF_6118_20250820_1/Shrubs/CATNF_6118_20250820_1.csv,sprint3_original,original,base,/home/jovyan/work/Dry-shRub/shrub/Final/artifacts/labeling/independence-lake/sprint3/original/CATNF_6118_20250820_1,/home/jovyan/work/Dry-shRub/shrub/Final/artifacts/labeling/independence-lake/sprint3/original/CATNF_6118_20250820_1/metrics/CATNF_6118_20250820_1_metrics.csv,/home/jovyan/work/Dry-shRub/shrub/Final/artifacts/labeling/independence-lake/sprint3/original/CATNF_6118_20250820_1/Inventory/CATNF_6118_20250820_1_inv.csv,/home/jovyan/work/Dry-shRub/shrub/Final/artifacts/labeling/independence-lake/sprint3/original/CATNF_6118_20250820_1/Fuels/CATNF_6118_20250820_1.tif,/home/jovyan/work/Dry-shRub/shrub/Final/artifacts/labeling/independence-lake/sprint3/original/CATNF_6118_20250820_1/dtm/CATNF_6118_20250820_1_dtm.tif,/home/jovyan/work/Dry-shRub/shrub/Final/artifacts/labeling/independence-lake/sprint3/original/CATNF_6118_20250820_1/chm/CATNF_6118_20250820_1_chm.tif,/home/jovyan/work/Dry-shRub/shrub/Final/artifacts/labeling/ptx_cache/independence-lake/CATNF_6118_20250820_1.ptx,2,8.419435648284278,1.0,,-5.88262183406475,7.49413686835156,-5.88262183406475,7.49413686835156,True,,733882.8579097923,4370717.867661673,733883.5219736734,4370717.47266701,61.878888317383826,34.20328945550136
independence-lake,CATNF_6118_20250820_1,CATNF_6118_20250820_1,20250820,2025-08-20,3,-8.02161539826741,6.25078444241832,2.999,7.802,1.5758977542994137,observed,10338,True,1.0,,1.0,uniform,/home/jovyan/work/Dry-shRub/shrub/Final/artifacts/labeling/independence-lake/sprint3/original/CATNF_6118_20250820_1/Shrubs/CATNF_6118_20250820_1.csv,sprint3_original,original,base,/home/jovyan/work/Dry-shRub/shrub/Final/artifacts/labeling/independence-lake/sprint3/original/CATNF_6118_20250820_1,/home/jovyan/work/Dry-shRub/shrub/Final/artifacts/labeling/independence-lake/sprint3/original/CATNF_6118_20250820_1/metrics/CATNF_6118_20250820_1_metrics.csv,/home/jovyan/work/Dry-shRub/shrub/Final/artifacts/labeling/independence-lake/sprint3/original/CATNF_6118_20250820_1/Inventory/CATNF_6118_20250820_1_inv.csv,/home/jovyan/work/Dry-shRub/shrub/Final/artifacts/labeling/independence-lake/sprint3/original/CATNF_6118_20250820_1/Fuels/CATNF_6118_20250820_1.tif,/home/jovyan/work/Dry-shRub/shrub/Final/artifacts/labeling/independence-lake/sprint3/original/CATNF_6118_20250820_1/dtm/CATNF_6118_20250820_1_dtm.tif,/home/jovyan/work/Dry-shRub/shrub/Final/artifacts/labeling/independence-lake/sprint3/original/CATNF_6118_20250820_1/chm/CATNF_6118_20250820_1_chm.tif,/home/jovyan/work/Dry-shRub/shrub/Final/artifacts/labeling/ptx_cache/independence-lake/CATNF_6118_20250820_1.ptx,3,9.90165761543138,1.0,,-8.02161539826741,6.25078444241832,-8.02161539826741,6.25078444241832,True,,733883.2209641649,4370715.420334724,733883.8850457282,4370715.025331552,65.95778074581176,34.808409546967596
independence-lake,CATNF_6118_20250820_1,CATNF_6118_20250820_1,20250820,2025-08-20,4,13.2437860072889,4.88957797291901,2.998,5.149,1.2802256066648323,observed,3268,True,1.0,,1.0,uniform,/home/jovyan/work/Dry-shRub/shrub/Final/artifacts/labeling/independence-lake/sprint3/original/CATNF_6118_20250820_1/Shrubs/CATNF_6118_20250820_1.csv,sprint3_original,original,base,/home/jovyan/work/Dry-shRub/shrub/Final/artifacts/labeling/independence-lake/sprint3/original/CATNF_6118_20250820_1,/home/jovyan/work/Dry-shRub/shrub/Final/artifacts/labeling/independence-lake/sprint3/original/CATNF_6118_20250820_1/metrics/CATNF_6118_20250820_1_metrics.csv,/home/jovyan/work/Dry-shRub/shrub/Final/artifacts/labeling/independence-lake/sprint3/original/CATNF_6118_20250820_1/Inventory/CATNF_6118_20250820_1_inv.csv,/home/jovyan/work/Dry-shRub/shrub/Final/artifacts/labeling/independence-lake/sprint3/original/CATNF_6118_20250820_1/Fuels/CATNF_6118_20250820_1.tif,/home/jovyan/work/Dry-shRub/shrub/Final/artifacts/labeling/independence-lake/sprint3/original/CATNF_6118_20250820_1/dtm/CATNF_6118_20250820_1_dtm.tif,/home/jovyan/work/Dry-shRub/shrub/Final/artifacts/labeling/independence-lake/sprint3/original/CATNF_6118_20250820_1/chm/CATNF_6118_20250820_1_chm.tif,/home/jovyan/work/Dry-shRub/shrub/Final/artifacts/labeling/ptx_cache/independence-lake/CATNF_6118_20250820_1.ptx,4,8.043894721671547,1.0,,13.2437860072889,4.88957797291901,13.2437860072889,4.88957797291901,True,,733892.3587006098,4370734.670565682,733893.0223253169,4370734.275613633,33.873977278359234,50.03720886143856
independence-lake,CATNF_6118_20250820_1,CATNF_6118_20250820_1,20250820,2025-08-20,5,-1.8086876067163,0.234069744337741,2.999,9.077,1.699793763046055,observed,554746,True,1.0,,1.0,uniform,/home/jovyan/work/Dry-shRub/shrub/Final/artifacts/labeling/independence-lake/sprint3/original/CATNF_6118_20250820_1/Shrubs/CATNF_6118_20250820_1.csv,sprint3_original,original,base,/home/jovyan/work/Dry-shRub/shrub/Final/artifacts/labeling/independence-lake/sprint3/original/CATNF_6118_20250820_1,/home/jovyan/work/Dry-shRub/shrub/Final/artifacts/labeling/independence-lake/sprint3/original/CATNF_6118_20250820_1/metrics/CATNF_6118_20250820_1_metrics.csv,/home/jovyan/work/Dry-shRub/shrub/Final/artifacts/labeling/independence-lake/sprint3/original/CATNF_6118_20250820_1/Inventory/CATNF_6118_20250820_1_inv.csv,/home/jovyan/work/Dry-shRub/shrub/Final/artifacts/labeling/independence-lake/sprint3/original/CATNF_6118_20250820_1/Fuels/CATNF_6118_20250820_1.tif,/home/jovyan/work/Dry-shRub/shrub/Final/artifacts/labeling/independence-lake/sprint3/original/CATNF_6118_20250820_1/dtm/CATNF_6118_20250820_1_dtm.tif,/home/jovyan/work/Dry-shRub/shrub/Final/artifacts/labeling/independence-lake/sprint3/original/CATNF_6118_20250820_1/chm/CATNF_6118_20250820_1_chm.tif,/home/jovyan/work/Dry-shRub/shrub/Final/artifacts/labeling/ptx_cache/independence-lake/CATNF_6118_20250820_1.ptx,5,10.680119197206473,1.0000000000000002,,-1.8086876067163,0.234069744337741,-1.8086876067163,0.234069744337741,True,,733891.1103558646,4370718.964123476,733891.7741891327,4370718.569121433,60.05146427731961,47.95698188780807
independence-lake,CATNF_6118_20250820_1,CATNF_6118_20250820_1,20250820,2025-08-20,6,-7.11950704046119,-2.05574498127672,2.997,4.098,1.1421181697097609,observed,566,True,1.0,,1.0,uniform,/home/jovyan/work/Dry-shRub/shrub/Final/artifacts/labeling/independence-lake/sprint3/original/CATNF_6118_20250820_1/Shrubs/CATNF_6118_20250820_1.csv,sprint3_original,original,base,/home/jovyan/work/Dry-shRub/shrub/Final/artifacts/labeling/independence-lake/sprint3/original/CATNF_6118_20250820_1,/home/jovyan/work/Dry-shRub/shrub/Final/artifacts/labeling/independence-lake/sprint3/original/CATNF_6118_20250820_1/metrics/CATNF_6118_20250820_1_metrics.csv,/home/jovyan/work/Dry-shRub/shrub/Final/artifacts/labeling/independence-lake/sprint3/original/CATNF_6118_20250820_1/Inventory/CATNF_6118_20250820_1_inv.csv,/home/jovyan/work/Dry-shRub/shrub/Final/artifacts/labeling/independence-lake/sprint3/original/CATNF_6118_20250820_1/Fuels/CATNF_6118_20250820_1.tif,/home/jovyan/work/Dry-shRub/shrub/Final/artifacts/labeling/independence-lake/sprint3/original/CATNF_6118_20250820_1/dtm/CATNF_6118_20250820_1_dtm.tif,/home/jovyan/work/Dry-shRub/shrub/Final/artifacts/labeling/independence-lake/sprint3/original/CATNF_6118_20250820_1/chm/CATNF_6118_20250820_1_chm.tif,/home/jovyan/work/Dry-shRub/shrub/Final/artifacts/labeling/ptx_cache/independence-lake/CATNF_6118_20250820_1.ptx,6,7.176140102983211,1.0000000000000002,,-7.11950704046119,-2.05574498127672,-7.11950704046119,-2.05574498127672,True,,733891.2711726942,4370713.182930657,733891.935066199,4370712.787909429,69.68681761901826,48.22511033155024
independence-lake,CATNF_6118_20250820_1,CATNF_6118_20250820_1,20250820,2025-08-20,7,-0.957680813442593,-1.95834203311789,2.999,6.856,1.477272005988088,observed,198428,True,1.0,,1.0,uniform,/home/jovyan/work/Dry-shRub/shrub/Final/artifacts/labeling/independence-lake/sprint3/original/CATNF_6118_20250820_1/Shrubs/CATNF_6118_20250820_1.csv,sprint3_original,original,base,/home/jovyan/work/Dry-shRub/shrub/Final/artifacts/labeling/independence-lake/sprint3/original/CATNF_6118_20250820_1,/home/jovyan/work/Dry-shRub/shrub/Final/artifacts/labeling/independence-lake/sprint3/original/CATNF_6118_20250820_1/metrics/CATNF_6118_20250820_1_metrics.csv,/home/jovyan/work/Dry-shRub/shrub/Final/artifacts/labeling/independence-lake/sprint3/original/CATNF_6118_20250820_1/Inventory/CATNF_6118_20250820_1_inv.csv,/home/jovyan/work/Dry-shRub/shrub/Final/artifacts/labeling/independence-lake/sprint3/original/CATNF_6118_20250820_1/Fuels/CATNF_6118_20250820_1.tif,/home/jovyan/work/Dry-shRub/shrub/Final/artifacts/labeling/independence-lake/sprint3/original/CATNF_6118_20250820_1/dtm/CATNF_6118_20250820_1_dtm.tif,/home/jovyan/work/Dry-shRub/shrub/Final/artifacts/labeling/independence-lake/sprint3/original/CATNF_6118_20250820_1/chm/CATNF_6118_20250820_1_chm.tif,/home/jovyan/work/Dry-shRub/shrub/Final/artifacts/labeling/ptx_cache/independence-lake/CATNF_6118_20250820_1.ptx,7,9.281973762732068,1.0,,-0.957680813442593,-1.95834203311789,-0.957680813442593,-1.95834203311789,True,,733893.4620359252,4370718.942937149,733894.1258072046,4370718.547931892,60.086780180223286,51.87634534086101
independence-lake,CATNF_6118_20250820_1,CATNF_6118_20250820_1,20250820,2025-08-20,8,5.3141675094738,-2.805463124176,2.999,8.016,1.5973640936396645,observed,31357,True,1.0,,1.0,uniform,/home/jovyan/work/Dry-shRub/shrub/Final/artifacts/labeling/independence-lake/sprint3/original/CATNF_6118_20250820_1/Shrubs/CATNF_6118_20250820_1.csv,sprint3_original,original,base,/home/jovyan/work/Dry-shRub/shrub/Final/artifacts/labeling/independence-lake/sprint3/original/CATNF_6118_20250820_1,/home/jovyan/work/Dry-shRub/shrub/Final/artifacts/labeling/independence-lake/sprint3/original/CATNF_6118_20250820_1/metrics/CATNF_6118_20250820_1_metrics.csv,/home/jovyan/work/Dry-shRub/shrub/Final/artifacts/labeling/independence-lake/sprint3/original/CATNF_6118_20250820_1/Inventory/CATNF_6118_20250820_1_inv.csv,/home/jovyan/work/Dry-shRub/shrub/Final/artifacts/labeling/independence-lake/sprint3/original/CATNF_6118_20250820_1/Fuels/CATNF_6118_20250820_1.tif,/home/jovyan/work/Dry-shRub/shrub/Final/artifacts/labeling/independence-lake/sprint3/original/CATNF_6118_20250820_1/dtm/CATNF_6118_20250820_1_dtm.tif,/home/jovyan/work/Dry-shRub/shrub/Final/artifacts/labeling/independence-lake/sprint3/original/CATNF_6118_20250820_1/chm/CATNF_6118_20250820_1_chm.tif,/home/jovyan/work/Dry-shRub/shrub/Final/artifacts/labeling/ptx_cache/independence-lake/CATNF_6118_20250820_1.ptx,8,10.036534603372976,1.0,,5.3141675094738,-2.805463124176,5.3141675094738,-2.805463124176,True,,733896.5710335731,4370724.4554470545,733897.234661023,4370724.060455743,50.89924042765051,57.057768371654674
independence-lake,CATNF_6118_20250820_1,CATNF_6118_20250820_1,20250820,2025-08-20,9,4.09220077001472,-4.65982433715466,2.999,5.797,1.3583970002202723,observed,12605,True,1.0,,1.0,uniform,/home/jovyan/work/Dry-shRub/shrub/Final/artifacts/labeling/independence-lake/sprint3/original/CATNF_6118_20250820_1/Shrubs/CATNF_6118_20250820_1.csv,sprint3_original,original,base,/home/jovyan/work/Dry-shRub/shrub/Final/artifacts/labeling/independence-lake/sprint3/original/CATNF_6118_20250820_1,/home/jovyan/work/Dry-shRub/shrub/Final/artifacts/labeling/independence-lake/sprint3/original/CATNF_6118_20250820_1/metrics/CATNF_6118_20250820_1_metrics.csv,/home/jovyan/work/Dry-shRub/shrub/Final/artifacts/labeling/independence-lake/sprint3/original/CATNF_6118_20250820_1/Inventory/CATNF_6118_20250820_1_inv.csv,/home/jovyan/work/Dry-shRub/shrub/Final/artifacts/labeling/independence-lake/sprint3/original/CATNF_6118_20250820_1/Fuels/CATNF_6118_20250820_1.tif,/home/jovyan/work/Dry-shRub/shrub/Final/artifacts/labeling/independence-lake/sprint3/original/CATNF_6118_20250820_1/dtm/CATNF_6118_20250820_1_dtm.tif,/home/jovyan/work/Dry-shRub/shrub/Final/artifacts/labeling/independence-lake/sprint3/original/CATNF_6118_20250820_1/chm/CATNF_6118_20250820_1_chm.tif,/home/jovyan/work/Dry-shRub/shrub/Final/artifacts/labeling/ptx_cache/independence-lake/CATNF_6118_20250820_1.ptx,9,8.53506007310084,0.9999999999999998,,4.09220077001472,-4.65982433715466,4.09220077001472,-4.65982433715466,True,,733897.841192934,4370722.6337600285,733898.5048071276,4370722.238761021,53.935398298315704,59.174678545910865
independence-lake,CATNF_6118_20250820_1,CATNF_6118_20250820_1,20250820,2025-08-20,10,0.26752183798068,-5.14483649711288,2.999,6.166,1.4009635106630198,observed,30081,True,1.0,,1.0,uniform,/home/jovyan/work/Dry-shRub/shrub/Final/artifacts/labeling/independence-lake/sprint3/original/CATNF_6118_20250820_1/Shrubs/CATNF_6118_20250820_1.csv,sprint3_original,original,base,/home/jovyan/work/Dry-shRub/shrub/Final/artifacts/labeling/independence-lake/sprint3/original/CATNF_6118_20250820_1,/home/jovyan/work/Dry-shRub/shrub/Final/artifacts/labeling/independence-lake/sprint3/original/CATNF_6118_20250820_1/metrics/CATNF_6118_20250820_1_metrics.csv,/home/jovyan/work/Dry-shRub/shrub/Final/artifacts/labeling/independence-lake/sprint3/original/CATNF_6118_20250820_1/Inventory/CATNF_6118_20250820_1_inv.csv,/home/jovyan/work/Dry-shRub/shrub/Final/artifacts/labeling/independence-lake/sprint3/original/CATNF_6118_20250820_1/Fuels/CATNF_6118_20250820_1.tif,/home/jovyan/work/Dry-shRub/shrub/Final/artifacts/labeling/independence-lake/sprint3/original/CATNF_6118_20250820_1/dtm/CATNF_6118_20250820_1_dtm.tif,/home/jovyan/work/Dry-shRub/shrub/Final/artifacts/labeling/independence-lake/sprint3/original/CATNF_6118_20250820_1/chm/CATNF_6118_20250820_1_chm.tif,/home/jovyan/work/Dry-shRub/shrub/Final/artifacts/labeling/ptx_cache/independence-lake/CATNF_6118_20250820_1.ptx,10,8.802513346092617,1.0000000000000002,,0.26752183798068,-5.14483649711288,0.26752183798068,-5.14483649711288,True,,733896.8756943363,4370718.901306264,733897.5393757555,4370718.506296292,60.15617284644395,57.565626258961856
independence-lake,CATNF_6118_20250820_1,CATNF_6118_20250820_1,20250820,2025-08-20,11,-12.2880062365804,-7.50389690189985,2.552,2.045,0.806810831140641,observed,959,True,1.0,,1.0,uniform,/home/jovyan/work/Dry-shRub/shrub/Final/artifacts/labeling/independence-lake/sprint3/original/CATNF_6118_20250820_1/Shrubs/CATNF_6118_20250820_1.csv,sprint3_original,original,base,/home/jovyan/work/Dry-shRub/shrub/Final/artifacts/labeling/independence-lake/sprint3/original/CATNF_6118_20250820_1,/home/jovyan/work/Dry-shRub/shrub/Final/artifacts/labeling/independence-lake/sprint3/original/CATNF_6118_20250820_1/metrics/CATNF_6118_20250820_1_metrics.csv,/home/jovyan/work/Dry-shRub/shrub/Final/artifacts/labeling/independence-lake/sprint3/original/CATNF_6118_20250820_1/Inventory/CATNF_6118_20250820_1_inv.csv,/home/jovyan/work/Dry-shRub/shrub/Final/artifacts/labeling/independence-lake/sprint3/original/CATNF_6118_20250820_1/Fuels/CATNF_6118_20250820_1.tif,/home/jovyan/work/Dry-shRub/shrub/Final/artifacts/labeling/independence-lake/sprint3/original/CATNF_6118_20250820_1/dtm/CATNF_6118_20250820_1_dtm.tif,/home/jovyan/work/Dry-shRub/shrub/Final/artifacts/labeling/independence-lake/sprint3/original/CATNF_6118_20250820_1/chm/CATNF_6118_20250820_1_chm.tif,/home/jovyan/work/Dry-shRub/shrub/Final/artifacts/labeling/ptx_cache/independence-lake/CATNF_6118_20250820_1.ptx,11,5.069341959896226,1.0,,-12.2880062365804,-7.50389690189985,-12.2880062365804,-7.50389690189985,True,,733894.4185671558,4370706.364603101,733895.082453382,4370705.969555309,81.05074115097523,53.47075563645922
independence-lake,CATNF_6118_20250820_1,CATNF_6118_20250820_1,20250820,2025-08-20,12,-2.91555995874846,-13.9831442028063,2.999,3.115,0.99575865322,observed,4946,True,1.0,,1.0,uniform,/home/jovyan/work/Dry-shRub/shrub/Final/artifacts/labeling/independence-lake/sprint3/original/CATNF_6118_20250820_1/Shrubs/CATNF_6118_20250820_1.csv,sprint3_original,original,base,/home/jovyan/work/Dry-shRub/shrub/Final/artifacts/labeling/independence-lake/sprint3/original/CATNF_6118_20250820_1,/home/jovyan/work/Dry-shRub/shrub/Final/artifacts/labeling/independence-lake/sprint3/original/CATNF_6118_20250820_1/metrics/CATNF_6118_20250820_1_metrics.csv,/home/jovyan/work/Dry-shRub/shrub/Final/artifacts/labeling/independence-lake/sprint3/original/CATNF_6118_20250820_1/Inventory/CATNF_6118_20250820_1_inv.csv,/home/jovyan/work/Dry-shRub/shrub/Final/artifacts/labeling/independence-lake/sprint3/original/CATNF_6118_20250820_1/Fuels/CATNF_6118_20250820_1.tif,/home/jovyan/work/Dry-shRub/shrub/Final/artifacts/labeling/independence-lake/sprint3/original/CATNF_6118_20250820_1/dtm/CATNF_6118_20250820_1_dtm.tif,/home/jovyan/work/Dry-shRub/shrub/Final/artifacts/labeling/independence-lake/sprint3/original/CATNF_6118_20250820_1/chm/CATNF_6118_20250820_1_chm.tif,/home/jovyan/work/Dry-shRub/shrub/Final/artifacts/labeling/ptx_cache/independence-lake/CATNF_6118_20250820_1.ptx,12,6.256536139408836,1.0,,-2.91555995874846,-13.9831442028063,-2.91555995874846,-13.9831442028063,True,,733903.907395652,4370712.672135437,733904.5709605574,4370712.27709553,70.53817411605269,69.28493426227942
independence-lake,CATNF_6118_20250820_1,CATNF_6118_20250820_1,20250820,2025-08-20,1,1.78767548676094,12.2531794365697,0.887,1.448,0.6789055274440833,observed,463,True,1.0,,1.0,uniform,/home/jovyan/work/Dry-shRub/shrub/Final/artifacts/labeling/independence-lake/sprint3/revised/CATNF_6118_20250820_1/Shrubs/CATNF_6118_20250820_1.csv,sprint3_revised,revised,base,/home/jovyan/work/Dry-shRub/shrub/Final/artifacts/labeling/independence-lake/sprint3/revised/CATNF_6118_20250820_1,/home/jovyan/work/Dry-shRub/shrub/Final/artifacts/labeling/independence-lake/sprint3/revised/CATNF_6118_20250820_1/metrics/CATNF_6118_20250820_1_metrics.csv,/home/jovyan/work/Dry-shRub/shrub/Final/artifacts/labeling/independence-lake/sprint3/revised/CATNF_6118_20250820_1/Inventory/CATNF_6118_20250820_1_inv.csv,/home/jovyan/work/Dry-shRub/shrub/Final/artifacts/labeling/independence-lake/sprint3/revised/CATNF_6118_20250820_1/Fuels/CATNF_6118_20250820_1.tif,/home/jovyan/work/Dry-shRub/shrub/Final/artifacts/labeling/independence-lake/sprint3/revised/CATNF_6118_20250820_1/dtm/CATNF_6118_20250820_1_dtm.tif,/home/jovyan/work/Dry-shRub/shrub/Final/artifacts/labeling/independence-lake/sprint3/revised/CATNF_6118_20250820_1/chm/CATNF_6118_20250820_1_chm.tif,/home/jovyan/work/Dry-shRub/shrub/Final/artifacts/labeling/ptx_cache/independence-lake/CATNF_6118_20250820_1.ptx,1,4.265689234999671,1.0,,1.78767548676094,12.2531794365697,1.78767548676094,12.2531794365697,True,,733881.2769135892,4370726.75486483,733881.940920115,4370726.359901448,46.06683092005551,33.56820019171573
independence-lake,CATNF_6118_20250820_1,CATNF_6118_20250820_1,20250820,2025-08-20,5,3.74723460047593,6.74834441524543,0.585,0.235,0.2735010479928565,observed,212,True,1.0,,1.0,uniform,/home/jovyan/work/Dry-shRub/shrub/Final/artifacts/labeling/independence-lake/sprint3/revised/CATNF_6118_20250820_1/Shrubs/CATNF_6118_20250820_1.csv,sprint3_revised,revised,base,/home/jovyan/work/Dry-shRub/shrub/Final/artifacts/labeling/independence-lake/sprint3/revised/CATNF_6118_20250820_1,/home/jovyan/work/Dry-shRub/shrub/Final/artifacts/labeling/independence-lake/sprint3/revised/CATNF_6118_20250820_1/metrics/CATNF_6118_20250820_1_metrics.csv,/home/jovyan/work/Dry-shRub/shrub/Final/artifacts/labeling/independence-lake/sprint3/revised/CATNF_6118_20250820_1/Inventory/CATNF_6118_20250820_1_inv.csv,/home/jovyan/work/Dry-shRub/shrub/Final/artifacts/labeling/independence-lake/sprint3/revised/CATNF_6118_20250820_1/Fuels/CATNF_6118_20250820_1.tif,/home/jovyan/work/Dry-shRub/shrub/Final/artifacts/labeling/independence-lake/sprint3/revised/CATNF_6118_20250820_1/dtm/CATNF_6118_20250820_1_dtm.tif,/home/jovyan/work/Dry-shRub/shrub/Final/artifacts/labeling/independence-lake/sprint3/revised/CATNF_6118_20250820_1/chm/CATNF_6118_20250820_1_chm.tif,/home/jovyan/work/Dry-shRub/shrub/Final/artifacts/labeling/ptx_cache/independence-lake/CATNF_6118_20250820_1.ptx,2,1.718457766246935,1.0,,3.74723460047593,6.74834441524543,3.74723460047593,6.74834441524543,True,,733887.1160431025,4370726.537063082,733887.7798975126,4370726.142091246,46.42984792217612,43.29982918780297
independence-lake,CATNF_6118_20250820_1,CATNF_6118_20250820_1,20250820,2025-08-20,7,-0.279813514462283,5.68295461169156,0.377,0.132,0.2049802550887776,observed,229,True,1.0,,1.0,uniform,/home/jovyan/work/Dry-shRub/shrub/Final/artifacts/labeling/independence-lake/sprint3/revised/CATNF_6118_20250820_1/Shrubs/CATNF_6118_20250820_1.csv,sprint3_revised,revised,base,/home/jovyan/work/Dry-shRub/shrub/Final/artifacts/labeling/independence-lake/sprint3/revised/CATNF_6118_20250820_1,/home/jovyan/work/Dry-shRub/shrub/Final/artifacts/labeling/independence-lake/sprint3/revised/CATNF_6118_20250820_1/metrics/CATNF_6118_20250820_1_metrics.csv,/home/jovyan/work/Dry-shRub/shrub/Final/artifacts/labeling/independence-lake/sprint3/revised/CATNF_6118_20250820_1/Inventory/CATNF_6118_20250820_1_inv.csv,/home/jovyan/work/Dry-shRub/shrub/Final/artifacts/labeling/independence-lake/sprint3/revised/CATNF_6118_20250820_1/Fuels/CATNF_6118_20250820_1.tif,/home/jovyan/work/Dry-shRub/shrub/Final/artifacts/labeling/independence-lake/sprint3/revised/CATNF_6118_20250820_1/dtm/CATNF_6118_20250820_1_dtm.tif,/home/jovyan/work/Dry-shRub/shrub/Final/artifacts/labeling/independence-lake/sprint3/revised/CATNF_6118_20250820_1/chm/CATNF_6118_20250820_1_chm.tif,/home/jovyan/work/Dry-shRub/shrub/Final/artifacts/labeling/ptx_cache/independence-lake/CATNF_6118_20250820_1.ptx,3,1.2879289270357317,1.0,,-0.279813514462283,5.68295461169156,-0.279813514462283,5.68295461169156,True,,733886.6147519181,4370722.401742511,733887.2786657792,4370722.00675775,53.32207041606307,42.46444296534173
independence-lake,CATNF_6118_20250820_1,CATNF_6118_20250820_1,20250820,2025-08-20,10,-7.25562195096589,3.78522319913504,0.683,1.459,0.6814793642819647,observed,1420,True,1.0,,1.0,uniform,/home/jovyan/work/Dry-shRub/shrub/Final/artifacts/labeling/independence-lake/sprint3/revised/CATNF_6118_20250820_1/Shrubs/CATNF_6118_20250820_1.csv,sprint3_revised,revised,base,/home/jovyan/work/Dry-shRub/shrub/Final/artifacts/labeling/independence-lake/sprint3/revised/CATNF_6118_20250820_1,/home/jovyan/work/Dry-shRub/shrub/Final/artifacts/labeling/independence-lake/sprint3/revised/CATNF_6118_20250820_1/metrics/CATNF_6118_20250820_1_metrics.csv,/home/jovyan/work/Dry-shRub/shrub/Final/artifacts/labeling/independence-lake/sprint3/revised/CATNF_6118_20250820_1/Inventory/CATNF_6118_20250820_1_inv.csv,/home/jovyan/work/Dry-shRub/shrub/Final/artifacts/labeling/independence-lake/sprint3/revised/CATNF_6118_20250820_1/Fuels/CATNF_6118_20250820_1.tif,/home/jovyan/work/Dry-shRub/shrub/Final/artifacts/labeling/independence-lake/sprint3/revised/CATNF_6118_20250820_1/dtm/CATNF_6118_20250820_1_dtm.tif,/home/jovyan/work/Dry-shRub/shrub/Final/artifacts/labeling/independence-lake/sprint3/revised/CATNF_6118_20250820_1/chm/CATNF_6118_20250820_1_chm.tif,/home/jovyan/work/Dry-shRub/shrub/Final/artifacts/labeling/ptx_cache/independence-lake/CATNF_6118_20250820_1.ptx,4,4.281861128802525,0.9999999999999998,,-7.25562195096589,3.78522319913504,-7.25562195096589,3.78522319913504,True,,733885.7949067181,4370715.219045692,733886.4589224191,4370714.824038443,65.29326926078647,41.09820403205231
independence-lake,CATNF_6118_20250820_1,CATNF_6118_20250820_1,20250820,2025-08-20,11,-0.756706933322326,2.74838241030541,1.208,1.647,0.7240555106790524,observed,24495,True,1.0,,1.0,uniform,/home/jovyan/work/Dry-shRub/shrub/Final/artifacts/labeling/independence-lake/sprint3/revised/CATNF_6118_20250820_1/Shrubs/CATNF_6118_20250820_1.csv,sprint3_revised,revised,base,/home/jovyan/work/Dry-shRub/shrub/Final/artifacts/labeling/independence-lake/sprint3/revised/CATNF_6118_20250820_1,/home/jovyan/work/Dry-shRub/shrub/Final/artifacts/labeling/independence-lake/sprint3/revised/CATNF_6118_20250820_1/metrics/CATNF_6118_20250820_1_metrics.csv,/home/jovyan/work/Dry-shRub/shrub/Final/artifacts/labeling/independence-lake/sprint3/revised/CATNF_6118_20250820_1/Inventory/CATNF_6118_20250820_1_inv.csv,/home/jovyan/work/Dry-shRub/shrub/Final/artifacts/labeling/independence-lake/sprint3/revised/CATNF_6118_20250820_1/Fuels/CATNF_6118_20250820_1.tif,/home/jovyan/work/Dry-shRub/shrub/Final/artifacts/labeling/independence-lake/sprint3/revised/CATNF_6118_20250820_1/dtm/CATNF_6118_20250820_1_dtm.tif,/home/jovyan/work/Dry-shRub/shrub/Final/artifacts/labeling/independence-lake/sprint3/revised/CATNF_6118_20250820_1/chm/CATNF_6118_20250820_1_chm.tif,/home/jovyan/work/Dry-shRub/shrub/Final/artifacts/labeling/ptx_cache/independence-lake/CATNF_6118_20250820_1.ptx,5,4.549374946281033,1.0,,-0.756706933322326,2.74838241030541,-0.756706933322326,2.74838241030541,True,,733889.1642101371,4370720.872244368,733889.8280736071,4370720.47725119,55.87124801706523,46.713456011842936
independence-lake,CATNF_6118_20250820_1,CATNF_6118_20250820_1,20250820,2025-08-20,12,4.75839077386756,2.6970955234465,0.396,0.141,0.2118530008093217,observed,225,True,1.0,,1.0,uniform,/home/jovyan/work/Dry-shRub/shrub/Final/artifacts/labeling/independence-lake/sprint3/revised/CATNF_6118_20250820_1/Shrubs/CATNF_6118_20250820_1.csv,sprint3_revised,revised,base,/home/jovyan/work/Dry-shRub/shrub/Final/artifacts/labeling/independence-lake/sprint3/revised/CATNF_6118_20250820_1,/home/jovyan/work/Dry-shRub/shrub/Final/artifacts/labeling/independence-lake/sprint3/revised/CATNF_6118_20250820_1/metrics/CATNF_6118_20250820_1_metrics.csv,/home/jovyan/work/Dry-shRub/shrub/Final/artifacts/labeling/independence-lake/sprint3/revised/CATNF_6118_20250820_1/Inventory/CATNF_6118_20250820_1_inv.csv,/home/jovyan/work/Dry-shRub/shrub/Final/artifacts/labeling/independence-lake/sprint3/revised/CATNF_6118_20250820_1/Fuels/CATNF_6118_20250820_1.tif,/home/jovyan/work/Dry-shRub/shrub/Final/artifacts/labeling/independence-lake/sprint3/revised/CATNF_6118_20250820_1/dtm/CATNF_6118_20250820_1_dtm.tif,/home/jovyan/work/Dry-shRub/shrub/Final/artifacts/labeling/independence-lake/sprint3/revised/CATNF_6118_20250820_1/chm/CATNF_6118_20250820_1_chm.tif,/home/jovyan/work/Dry-shRub/shrub/Final/artifacts/labeling/ptx_cache/independence-lake/CATNF_6118_20250820_1.ptx,6,1.3311116619670351,1.0000000000000002,,4.75839077386756,2.6970955234465,4.75839077386756,2.6970955234465,True,,733891.2537526668,4370725.9764304105,733891.9175038327,4370725.581451219,47.364247968420386,50.19583972124383
independence-lake,CATNF_6118_20250820_1,CATNF_6118_20250820_1,20250820,2025-08-20,13,9.70127319641386,1.16258820161433,1.14,1.37,0.6603669768180366,observed,1291,True,1.0,,1.0,uniform,/home/jovyan/work/Dry-shRub/shrub/Final/artifacts/labeling/independence-lake/sprint3/revised/CATNF_6118_20250820_1/Shrubs/CATNF_6118_20250820_1.csv,sprint3_revised,revised,base,/home/jovyan/work/Dry-shRub/shrub/Final/artifacts/labeling/independence-lake/sprint3/revised/CATNF_6118_20250820_1,/home/jovyan/work/Dry-shRub/shrub/Final/artifacts/labeling/independence-lake/sprint3/revised/CATNF_6118_20250820_1/metrics/CATNF_6118_20250820_1_metrics.csv,/home/jovyan/work/Dry-shRub/shrub/Final/artifacts/labeling/independence-lake/sprint3/revised/CATNF_6118_20250820_1/Inventory/CATNF_6118_20250820_1_inv.csv,/home/jovyan/work/Dry-shRub/shrub/Final/artifacts/labeling/independence-lake/sprint3/revised/CATNF_6118_20250820_1/Fuels/CATNF_6118_20250820_1.tif,/home/jovyan/work/Dry-shRub/shrub/Final/artifacts/labeling/independence-lake/sprint3/revised/CATNF_6118_20250820_1/dtm/CATNF_6118_20250820_1_dtm.tif,/home/jovyan/work/Dry-shRub/shrub/Final/artifacts/labeling/independence-lake/sprint3/revised/CATNF_6118_20250820_1/chm/CATNF_6118_20250820_1_chm.tif,/home/jovyan/work/Dry-shRub/shrub/Final/artifacts/labeling/ptx_cache/independence-lake/CATNF_6118_20250820_1.ptx,7,4.14920808608969,1.0,,9.70127319641386,1.16258820161433,9.70127319641386,1.16258820161433,True,,733894.5092523316,4370729.999918114,733895.1728723679,4370729.604947809,40.6584203178063,55.621453946689144
independence-lake,CATNF_6118_20250820_1,CATNF_6118_20250820_1,20250820,2025-08-20,15,14.2333879377671,0.765355938094167,0.548,0.122,0.1970629496237749,observed,143,True,1.0,,1.0,uniform,/home/jovyan/work/Dry-shRub/shrub/Final/artifacts/labeling/independence-lake/sprint3/revised/CATNF_6118_20250820_1/Shrubs/CATNF_6118_20250820_1.csv,sprint3_revised,revised,base,/home/jovyan/work/Dry-shRub/shrub/Final/artifacts/labeling/independence-lake/sprint3/revised/CATNF_6118_20250820_1,/home/jovyan/work/Dry-shRub/shrub/Final/artifacts/labeling/independence-lake/sprint3/revised/CATNF_6118_20250820_1/metrics/CATNF_6118_20250820_1_metrics.csv,/home/jovyan/work/Dry-shRub/shrub/Final/artifacts/labeling/independence-lake/sprint3/revised/CATNF_6118_20250820_1/Inventory/CATNF_6118_20250820_1_inv.csv,/home/jovyan/work/Dry-shRub/shrub/Final/artifacts/labeling/independence-lake/sprint3/revised/CATNF_6118_20250820_1/Fuels/CATNF_6118_20250820_1.tif,/home/jovyan/work/Dry-shRub/shrub/Final/artifacts/labeling/independence-lake/sprint3/revised/CATNF_6118_20250820_1/dtm/CATNF_6118_20250820_1_dtm.tif,/home/jovyan/work/Dry-shRub/shrub/Final/artifacts/labeling/independence-lake/sprint3/revised/CATNF_6118_20250820_1/chm/CATNF_6118_20250820_1_chm.tif,/home/jovyan/work/Dry-shRub/shrub/Final/artifacts/labeling/ptx_cache/independence-lake/CATNF_6118_20250820_1.ptx,8,1.2381830296655736,1.0000000000000002,,14.2333879377671,0.765355938094167,14.2333879377671,0.765355938094167,True,,733896.556217165,4370734.062892953,733897.2197375725,4370733.667933285,33.88677785731852,59.032895954325795
independence-lake,CATNF_6118_20250820_1,CATNF_6118_20250820_1,20250820,2025-08-20,17,6.22001247972476,0.243947862320658,0.465,0.159,0.224969491049837,observed,251,True,1.0,,1.0,uniform,/home/jovyan/work/Dry-shRub/shrub/Final/artifacts/labeling/independence-lake/sprint3/revised/CATNF_6118_20250820_1/Shrubs/CATNF_6118_20250820_1.csv,sprint3_revised,revised,base,/home/jovyan/work/Dry-shRub/shrub/Final/artifacts/labeling/independence-lake/sprint3/revised/CATNF_6118_20250820_1,/home/jovyan/work/Dry-shRub/shrub/Final/artifacts/labeling/independence-lake/sprint3/revised/CATNF_6118_20250820_1/metrics/CATNF_6118_20250820_1_metrics.csv,/home/jovyan/work/Dry-shRub/shrub/Final/artifacts/labeling/independence-lake/sprint3/revised/CATNF_6118_20250820_1/Inventory/CATNF_6118_20250820_1_inv.csv,/home/jovyan/work/Dry-shRub/shrub/Final/artifacts/labeling/independence-lake/sprint3/revised/CATNF_6118_20250820_1/Fuels/CATNF_6118_20250820_1.tif,/home/jovyan/work/Dry-shRub/shrub/Final/artifacts/labeling/independence-lake/sprint3/revised/CATNF_6118_20250820_1/dtm/CATNF_6118_20250820_1_dtm.tif,/home/jovyan/work/Dry-shRub/shrub/Final/artifacts/labeling/independence-lake/sprint3/revised/CATNF_6118_20250820_1/chm/CATNF_6118_20250820_1_chm.tif,/home/jovyan/work/Dry-shRub/shrub/Final/artifacts/labeling/ptx_cache/independence-lake/CATNF_6118_20250820_1.ptx,9,1.4135250007280058,1.0,,6.22001247972476,0.243947862320658,6.22001247972476,0.243947862320658,True,,733894.0737120544,4370726.425931719,733894.7373835709,4370726.030950236,46.6150829391554,54.89563928497955
independence-lake,CATNF_6118_20250820_1,CATNF_6118_20250820_1,20250820,2025-08-20,21,-6.54913323969773,-3.49908211904561,1.126,0.532,0.4115104609238708,observed,129,True,1.0,,1.0,uniform,/home/jovyan/work/Dry-shRub/shrub/Final/artifacts/labeling/independence-lake/sprint3/revised/CATNF_6118_20250820_1/Shrubs/CATNF_6118_20250820_1.csv,sprint3_revised,revised,base,/home/jovyan/work/Dry-shRub/shrub/Final/artifacts/labeling/independence-lake/sprint3/revised/CATNF_6118_20250820_1,/home/jovyan/work/Dry-shRub/shrub/Final/artifacts/labeling/independence-lake/sprint3/revised/CATNF_6118_20250820_1/metrics/CATNF_6118_20250820_1_metrics.csv,/home/jovyan/work/Dry-shRub/shrub/Final/artifacts/labeling/independence-lake/sprint3/revised/CATNF_6118_20250820_1/Inventory/CATNF_6118_20250820_1_inv.csv,/home/jovyan/work/Dry-shRub/shrub/Final/artifacts/labeling/independence-lake/sprint3/revised/CATNF_6118_20250820_1/Fuels/CATNF_6118_20250820_1.tif,/home/jovyan/work/Dry-shRub/shrub/Final/artifacts/labeling/independence-lake/sprint3/revised/CATNF_6118_20250820_1/dtm/CATNF_6118_20250820_1_dtm.tif,/home/jovyan/work/Dry-shRub/shrub/Final/artifacts/labeling/independence-lake/sprint3/revised/CATNF_6118_20250820_1/chm/CATNF_6118_20250820_1_chm.tif,/home/jovyan/work/Dry-shRub/shrub/Final/artifacts/labeling/ptx_cache/independence-lake/CATNF_6118_20250820_1.ptx,10,2.5855964818275647,1.0,,-6.54913323969773,-3.49908211904561,-6.54913323969773,-3.49908211904561,True,,733892.8231111438,4370713.178391172,733893.486963639,4370712.783367852,68.69438691344112,52.81160606513731
independence-lake,CATNF_6118_20250820_1,CATNF_6118_20250820_1,20250820,2025-08-20,26,8.7237128247307,-5.73630345922476,0.507,0.209,0.257927831403306,observed,176,True,1.0,,1.0,uniform,/home/jovyan/work/Dry-shRub/shrub/Final/artifacts/labeling/independence-lake/sprint3/revised/CATNF_6118_20250820_1/Shrubs/CATNF_6118_20250820_1.csv,sprint3_revised,revised,base,/home/jovyan/work/Dry-shRub/shrub/Final/artifacts/labeling/independence-lake/sprint3/revised/CATNF_6118_20250820_1,/home/jovyan/work/Dry-shRub/shrub/Final/artifacts/labeling/independence-lake/sprint3/revised/CATNF_6118_20250820_1/metrics/CATNF_6118_20250820_1_metrics.csv,/home/jovyan/work/Dry-shRub/shrub/Final/artifacts/labeling/independence-lake/sprint3/revised/CATNF_6118_20250820_1/Inventory/CATNF_6118_20250820_1_inv.csv,/home/jovyan/work/Dry-shRub/shrub/Final/artifacts/labeling/independence-lake/sprint3/revised/CATNF_6118_20250820_1/Fuels/CATNF_6118_20250820_1.tif,/home/jovyan/work/Dry-shRub/shrub/Final/artifacts/labeling/independence-lake/sprint3/revised/CATNF_6118_20250820_1/dtm/CATNF_6118_20250820_1_dtm.tif,/home/jovyan/work/Dry-shRub/shrub/Final/artifacts/labeling/independence-lake/sprint3/revised/CATNF_6118_20250820_1/chm/CATNF_6118_20250820_1_chm.tif,/home/jovyan/work/Dry-shRub/shrub/Final/artifacts/labeling/ptx_cache/independence-lake/CATNF_6118_20250820_1.ptx,11,1.6206083605859458,1.0,,8.7237128247307,-5.73630345922476,8.7237128247307,-5.73630345922476,True,,733900.5559336226,4370726.537584624,733901.2194323529,4370726.142594801,46.4290086645633,65.69905392173678
pacific-union-college,CALNU_0039_20250810_1,CALNU_0039_20250810_1,20250810,2025-08-10,1,-2.07745048829705,13.98302588123,2.549,0.707,0.4743891751841941,observed,319,True,1.0,,1.0,uniform,/home/jovyan/work/Dry-shRub/shrub/Final/artifacts/labeling/pacific-union-college/sprint3/original/CALNU_0039_20250810_1/Shrubs/CALNU_0039_20250810_1.csv,sprint3_original,original,base,/home/jovyan/work/Dry-shRub/shrub/Final/artifacts/labeling/pacific-union-college/sprint3/original/CALNU_0039_20250810_1,/home/jovyan/work/Dry-shRub/shrub/Final/artifacts/labeling/pacific-union-college/sprint3/original/CALNU_0039_20250810_1/metrics/CALNU_0039_20250810_1_metrics.csv,/home/jovyan/work/Dry-shRub/shrub/Final/artifacts/labeling/pacific-union-college/sprint3/original/CALNU_0039_20250810_1/Inventory/CALNU_0039_20250810_1_inv.csv,/home/jovyan/work/Dry-shRub/shrub/Final/artifacts/labeling/pacific-union-college/sprint3/original/CALNU_0039_20250810_1/Fuels/CALNU_0039_20250810_1.tif,/home/jovyan/work/Dry-shRub/shrub/Final/artifacts/labeling/pacific-union-college/sprint3/original/CALNU_0039_20250810_1/dtm/CALNU_0039_20250810_1_dtm.tif,/home/jovyan/work/Dry-shRub/shrub/Final/artifacts/labeling/pacific-union-college/sprint3/original/CALNU_0039_20250810_1/chm/CALNU_0039_20250810_1_chm.tif,/home/jovyan/work/Dry-shRub/shrub/Final/artifacts/labeling/ptx_cache/pacific-union-college/CALNU_0039_20250810_1.ptx,1,2.980675095402371,1.0,,-2.07745048829705,13.98302588123,-2.07745048829705,13.98302588123,True,,551308.5610695528,4269142.245708727,551308.9442010453,4269141.753267658,35.7445539040491,47.24033507530112
pacific-union-college,CALNU_0039_20250810_1,CALNU_0039_20250810_1,20250810,2025-08-10,2,2.9842546380244,13.7121671553485,2.993,2.077,0.8130987846527218,observed,1029,True,1.0,,1.0,uniform,/home/jovyan/work/Dry-shRub/shrub/Final/artifacts/labeling/pacific-union-college/sprint3/original/CALNU_0039_20250810_1/Shrubs/CALNU_0039_20250810_1.csv,sprint3_original,original,base,/home/jovyan/work/Dry-shRub/shrub/Final/artifacts/labeling/pacific-union-college/sprint3/original/CALNU_0039_20250810_1,/home/jovyan/work/Dry-shRub/shrub/Final/artifacts/labeling/pacific-union-college/sprint3/original/CALNU_0039_20250810_1/metrics/CALNU_0039_20250810_1_metrics.csv,/home/jovyan/work/Dry-shRub/shrub/Final/artifacts/labeling/pacific-union-college/sprint3/original/CALNU_0039_20250810_1/Inventory/CALNU_0039_20250810_1_inv.csv,/home/jovyan/work/Dry-shRub/shrub/Final/artifacts/labeling/pacific-union-college/sprint3/original/CALNU_0039_20250810_1/Fuels/CALNU_0039_20250810_1.tif,/home/jovyan/work/Dry-shRub/shrub/Final/artifacts/labeling/pacific-union-college/sprint3/original/CALNU_0039_20250810_1/dtm/CALNU_0039_20250810_1_dtm.tif,/home/jovyan/work/Dry-shRub/shrub/Final/artifacts/labeling/pacific-union-college/sprint3/original/CALNU_0039_20250810_1/chm/CALNU_0039_20250810_1_chm.tif,/home/jovyan/work/Dry-shRub/shrub/Final/artifacts/labeling/ptx_cache/pacific-union-college/CALNU_0039_20250810_1.ptx,2,5.10885033701556,1.0000000000000002,,2.9842546380244,13.7121671553485,2.9842546380244,13.7121671553485,True,,551313.539054669,4269143.201572824,551313.922188845,4269142.709169562,34.151384063996375,55.536981408135034
pacific-union-college,CALNU_0039_20250810_1,CALNU_0039_20250810_1,20250810,2025-08-10,3,-8.06142190283936,12.2114920273844,2.988,1.027,0.5717554137135502,observed,169,True,1.0,,1.0,uniform,/home/jovyan/work/Dry-shRub/shrub/Final/artifacts/labeling/pacific-union-college/sprint3/original/CALNU_0039_20250810_1/Shrubs/CALNU_0039_20250810_1.csv,sprint3_original,original,base,/home/jovyan/work/Dry-shRub/shrub/Final/artifacts/labeling/pacific-union-college/sprint3/original/CALNU_0039_20250810_1,/home/jovyan/work/Dry-shRub/shrub/Final/artifacts/labeling/pacific-union-college/sprint3/original/CALNU_0039_20250810_1/metrics/CALNU_0039_20250810_1_metrics.csv,/home/jovyan/work/Dry-shRub/shrub/Final/artifacts/labeling/pacific-union-college/sprint3/original/CALNU_0039_20250810_1/Inventory/CALNU_0039_20250810_1_inv.csv,/home/jovyan/work/Dry-shRub/shrub/Final/artifacts/labeling/pacific-union-college/sprint3/original/CALNU_0039_20250810_1/Fuels/CALNU_0039_20250810_1.tif,/home/jovyan/work/Dry-shRub/shrub/Final/artifacts/labeling/pacific-union-college/sprint3/original/CALNU_0039_20250810_1/dtm/CALNU_0039_20250810_1_dtm.tif,/home/jovyan/work/Dry-shRub/shrub/Final/artifacts/labeling/pacific-union-college/sprint3/original/CALNU_0039_20250810_1/chm/CALNU_0039_20250810_1_chm.tif,/home/jovyan/work/Dry-shRub/shrub/Final/artifacts/labeling/ptx_cache/pacific-union-college/CALNU_0039_20250810_1.ptx,3,3.5924452147453647,1.0,,-8.06142190283936,12.2114920273844,-8.06142190283936,12.2114920273844,True,,551303.1797023743,4269139.085483441,551303.562817394,4269138.592994864,41.01167522743344,38.271362323197536
pacific-union-college,CALNU_0039_20250810_1,CALNU_0039_20250810_1,20250810,2025-08-10,4,-3.13074517412005,10.1407099457939,2.997,7.58,1.5533154661153457,observed,2603,True,1.0,,1.0,uniform,/home/jovyan/work/Dry-shRub/shrub/Final/artifacts/labeling/pacific-union-college/sprint3/original/CALNU_0039_20250810_1/Shrubs/CALNU_0039_20250810_1.csv,sprint3_original,original,base,/home/jovyan/work/Dry-shRub/shrub/Final/artifacts/labeling/pacific-union-college/sprint3/original/CALNU_0039_20250810_1,/home/jovyan/work/Dry-shRub/shrub/Final/artifacts/labeling/pacific-union-college/sprint3/original/CALNU_0039_20250810_1/metrics/CALNU_0039_20250810_1_metrics.csv,/home/jovyan/work/Dry-shRub/shrub/Final/artifacts/labeling/pacific-union-college/sprint3/original/CALNU_0039_20250810_1/Inventory/CALNU_0039_20250810_1_inv.csv,/home/jovyan/work/Dry-shRub/shrub/Final/artifacts/labeling/pacific-union-college/sprint3/original/CALNU_0039_20250810_1/Fuels/CALNU_0039_20250810_1.tif,/home/jovyan/work/Dry-shRub/shrub/Final/artifacts/labeling/pacific-union-college/sprint3/original/CALNU_0039_20250810_1/dtm/CALNU_0039_20250810_1_dtm.tif,/home/jovyan/work/Dry-shRub/shrub/Final/artifacts/labeling/pacific-union-college/sprint3/original/CALNU_0039_20250810_1/chm/CALNU_0039_20250810_1_chm.tif,/home/jovyan/work/Dry-shRub/shrub/Final/artifacts/labeling/ptx_cache/pacific-union-college/CALNU_0039_20250810_1.ptx,4,9.75976891411075,1.0,,-3.13074517412005,10.1407099457939,-3.13074517412005,10.1407099457939,True,,551308.4638826624,4269138.262834949,551308.8469888889,4269137.770380741,42.382698765955865,47.07831481471658
pacific-union-college,CALNU_0039_20250810_1,CALNU_0039_20250810_1,20250810,2025-08-10,5,8.29110457418448,10.051139751511,2.993,5.729,1.3504063603030525,observed,955,True,1.0,,1.0,uniform,/home/jovyan/work/Dry-shRub/shrub/Final/artifacts/labeling/pacific-union-college/sprint3/original/CALNU_0039_20250810_1/Shrubs/CALNU_0039_20250810_1.csv,sprint3_original,original,base,/home/jovyan/work/Dry-shRub/shrub/Final/artifacts/labeling/pacific-union-college/sprint3/original/CALNU_0039_20250810_1,/home/jovyan/work/Dry-shRub/shrub/Final/artifacts/labeling/pacific-union-college/sprint3/original/CALNU_0039_20250810_1/metrics/CALNU_0039_20250810_1_metrics.csv,/home/jovyan/work/Dry-shRub/shrub/Final/artifacts/labeling/pacific-union-college/sprint3/original/CALNU_0039_20250810_1/Inventory/CALNU_0039_20250810_1_inv.csv,/home/jovyan/work/Dry-shRub/shrub/Final/artifacts/labeling/pacific-union-college/sprint3/original/CALNU_0039_20250810_1/Fuels/CALNU_0039_20250810_1.tif,/home/jovyan/work/Dry-shRub/shrub/Final/artifacts/labeling/pacific-union-college/sprint3/original/CALNU_0039_20250810_1/dtm/CALNU_0039_20250810_1_dtm.tif,/home/jovyan/work/Dry-shRub/shrub/Final/artifacts/labeling/pacific-union-college/sprint3/original/CALNU_0039_20250810_1/chm/CALNU_0039_20250810_1_chm.tif,/home/jovyan/work/Dry-shRub/shrub/Final/artifacts/labeling/ptx_cache/pacific-union-college/CALNU_0039_20250810_1.ptx,5,8.484853401778,1.0,,8.29110457418448,10.051139751511,8.29110457418448,10.051139751511,True,,551319.5712236611,4269140.926043951,551319.954339217,4269140.433675809,37.943873652257025,65.59056536154822
pacific-union-college,CALNU_0039_20250810_1,CALNU_0039_20250810_1,20250810,2025-08-10,6,11.574306031456,8.10486061284395,2.345,2.18,0.8330159373509392,observed,590,True,1.0,,1.0,uniform,/home/jovyan/work/Dry-shRub/shrub/Final/artifacts/labeling/pacific-union-college/sprint3/original/CALNU_0039_20250810_1/Shrubs/CALNU_0039_20250810_1.csv,sprint3_original,original,base,/home/jovyan/work/Dry-shRub/shrub/Final/artifacts/labeling/pacific-union-college/sprint3/original/CALNU_0039_20250810_1,/home/jovyan/work/Dry-shRub/shrub/Final/artifacts/labeling/pacific-union-college/sprint3/original/CALNU_0039_20250810_1/metrics/CALNU_0039_20250810_1_metrics.csv,/home/jovyan/work/Dry-shRub/shrub/Final/artifacts/labeling/pacific-union-college/sprint3/original/CALNU_0039_20250810_1/Inventory/CALNU_0039_20250810_1_inv.csv,/home/jovyan/work/Dry-shRub/shrub/Final/artifacts/labeling/pacific-union-college/sprint3/original/CALNU_0039_20250810_1/Fuels/CALNU_0039_20250810_1.tif,/home/jovyan/work/Dry-shRub/shrub/Final/artifacts/labeling/pacific-union-college/sprint3/original/CALNU_0039_20250810_1/dtm/CALNU_0039_20250810_1_dtm.tif,/home/jovyan/work/Dry-shRub/shrub/Final/artifacts/labeling/pacific-union-college/sprint3/original/CALNU_0039_20250810_1/chm/CALNU_0039_20250810_1_chm.tif,/home/jovyan/work/Dry-shRub/shrub/Final/artifacts/labeling/ptx_cache/pacific-union-college/CALNU_0039_20250810_1.ptx,6,5.233993498209851,1.0000000000000002,,11.574306031456,8.10486061284395,11.574306031456,8.10486061284395,True,,551323.2264270952,4269139.827557352,551323.6095331348,4269139.335211395,39.77464767545462,71.68255522451364
pacific-union-college,CALNU_0039_20250810_1,CALNU_0039_20250810_1,20250810,2025-08-10,7,6.27011245656963,7.37562713790569,2.999,8.118,1.6074948385733665,observed,4511,True,1.0,,1.0,uniform,/home/jovyan/work/Dry-shRub/shrub/Final/artifacts/labeling/pacific-union-college/sprint3/original/CALNU_0039_20250810_1/Shrubs/CALNU_0039_20250810_1.csv,sprint3_original,original,base,/home/jovyan/work/Dry-shRub/shrub/Final/artifacts/labeling/pacific-union-college/sprint3/original/CALNU_0039_20250810_1,/home/jovyan/work/Dry-shRub/shrub/Final/artifacts/labeling/pacific-union-college/sprint3/original/CALNU_0039_20250810_1/metrics/CALNU_0039_20250810_1_metrics.csv,/home/jovyan/work/Dry-shRub/shrub/Final/artifacts/labeling/pacific-union-college/sprint3/original/CALNU_0039_20250810_1/Inventory/CALNU_0039_20250810_1_inv.csv,/home/jovyan/work/Dry-shRub/shrub/Final/artifacts/labeling/pacific-union-college/sprint3/original/CALNU_0039_20250810_1/Fuels/CALNU_0039_20250810_1.tif,/home/jovyan/work/Dry-shRub/shrub/Final/artifacts/labeling/pacific-union-college/sprint3/original/CALNU_0039_20250810_1/dtm/CALNU_0039_20250810_1_dtm.tif,/home/jovyan/work/Dry-shRub/shrub/Final/artifacts/labeling/pacific-union-college/sprint3/original/CALNU_0039_20250810_1/chm/CALNU_0039_20250810_1_chm.tif,/home/jovyan/work/Dry-shRub/shrub/Final/artifacts/labeling/ptx_cache/pacific-union-college/CALNU_0039_20250810_1.ptx,7,10.100187951091195,1.0000000000000002,,6.27011245656963,7.37562713790569,6.27011245656963,7.37562713790569,True,,551318.2538810391,4269137.842640891,551318.6369779046,4269137.350253898,43.08291017077863,63.39496317412704
pacific-union-college,CALNU_0039_20250810_1,CALNU_0039_20250810_1,20250810,2025-08-10,8,9.01044373921065,7.28940317168195,2.999,4.108,1.1435108274271004,observed,1360,True,1.0,,1.0,uniform,/home/jovyan/work/Dry-shRub/shrub/Final/artifacts/labeling/pacific-union-college/sprint3/original/CALNU_0039_20250810_1/Shrubs/CALNU_0039_20250810_1.csv,sprint3_original,original,base,/home/jovyan/work/Dry-shRub/shrub/Final/artifacts/labeling/pacific-union-college/sprint3/original/CALNU_0039_20250810_1,/home/jovyan/work/Dry-shRub/shrub/Final/artifacts/labeling/pacific-union-college/sprint3/original/CALNU_0039_20250810_1/metrics/CALNU_0039_20250810_1_metrics.csv,/home/jovyan/work/Dry-shRub/shrub/Final/artifacts/labeling/pacific-union-college/sprint3/original/CALNU_0039_20250810_1/Inventory/CALNU_0039_20250810_1_inv.csv,/home/jovyan/work/Dry-shRub/shrub/Final/artifacts/labeling/pacific-union-college/sprint3/original/CALNU_0039_20250810_1/Fuels/CALNU_0039_20250810_1.tif,/home/jovyan/work/Dry-shRub/shrub/Final/artifacts/labeling/pacific-union-college/sprint3/original/CALNU_0039_20250810_1/dtm/CALNU_0039_20250810_1_dtm.tif,/home/jovyan/work/Dry-shRub/shrub/Final/artifacts/labeling/pacific-union-college/sprint3/original/CALNU_0039_20250810_1/chm/CALNU_0039_20250810_1_chm.tif,/home/jovyan/work/Dry-shRub/shrub/Final/artifacts/labeling/ptx_cache/pacific-union-college/CALNU_0039_20250810_1.ptx,8,7.184890429490729,1.0,,9.01044373921065,7.28940317168195,9.01044373921065,7.28940317168195,True,,551320.9343414482,4269138.418768668,551321.3174401294,4269137.926402253,42.122662912122905,67.86240021535195
pacific-union-college,CALNU_0039_20250810_1,CALNU_0039_20250810_1,20250810,2025-08-10,9,-7.22100011094318,6.15438708832591,2.202,4.878,1.2460801036869704,observed,2139,True,1.0,,1.0,uniform,/home/jovyan/work/Dry-shRub/shrub/Final/artifacts/labeling/pacific-union-college/sprint3/original/CALNU_0039_20250810_1/Shrubs/CALNU_0039_20250810_1.csv,sprint3_original,original,base,/home/jovyan/work/Dry-shRub/shrub/Final/artifacts/labeling/pacific-union-college/sprint3/original/CALNU_0039_20250810_1,/home/jovyan/work/Dry-shRub/shrub/Final/artifacts/labeling/pacific-union-college/sprint3/original/CALNU_0039_20250810_1/metrics/CALNU_0039_20250810_1_metrics.csv,/home/jovyan/work/Dry-shRub/shrub/Final/artifacts/labeling/pacific-union-college/sprint3/original/CALNU_0039_20250810_1/Inventory/CALNU_0039_20250810_1_inv.csv,/home/jovyan/work/Dry-shRub/shrub/Final/artifacts/labeling/pacific-union-college/sprint3/original/CALNU_0039_20250810_1/Fuels/CALNU_0039_20250810_1.tif,/home/jovyan/work/Dry-shRub/shrub/Final/artifacts/labeling/pacific-union-college/sprint3/original/CALNU_0039_20250810_1/dtm/CALNU_0039_20250810_1_dtm.tif,/home/jovyan/work/Dry-shRub/shrub/Final/artifacts/labeling/pacific-union-college/sprint3/original/CALNU_0039_20250810_1/chm/CALNU_0039_20250810_1_chm.tif,/home/jovyan/work/Dry-shRub/shrub/Final/artifacts/labeling/ptx_cache/pacific-union-college/CALNU_0039_20250810_1.ptx,9,7.829352199054788,1.0000000000000002,,-7.22100011094318,6.15438708832591,-7.22100011094318,6.15438708832591,True,,551305.4537671317,4269133.408954576,551305.8368445117,4269132.916464132,50.47255977988243,42.0614075192716
pacific-union-college,CALNU_0039_20250810_1,CALNU_0039_20250810_1,20250810,2025-08-10,10,-3.76170709170961,6.2276356212841,1.544,2.11,0.8195327082232888,observed,2719,True,1.0,,1.0,uniform,/home/jovyan/work/Dry-shRub/shrub/Final/artifacts/labeling/pacific-union-college/sprint3/original/CALNU_0039_20250810_1/Shrubs/CALNU_0039_20250810_1.csv,sprint3_original,original,base,/home/jovyan/work/Dry-shRub/shrub/Final/artifacts/labeling/pacific-union-college/sprint3/original/CALNU_0039_20250810_1,/home/jovyan/work/Dry-shRub/shrub/Final/artifacts/labeling/pacific-union-college/sprint3/original/CALNU_0039_20250810_1/metrics/CALNU_0039_20250810_1_metrics.csv,/home/jovyan/work/Dry-shRub/shrub/Final/artifacts/labeling/pacific-union-college/sprint3/original/CALNU_0039_20250810_1/Inventory/CALNU_0039_20250810_1_inv.csv,/home/jovyan/work/Dry-shRub/shrub/Final/artifacts/labeling/pacific-union-college/sprint3/original/CALNU_0039_20250810_1/Fuels/CALNU_0039_20250810_1.tif,/home/jovyan/work/Dry-shRub/shrub/Final/artifacts/labeling/pacific-union-college/sprint3/original/CALNU_0039_20250810_1/dtm/CALNU_0039_20250810_1_dtm.tif,/home/jovyan/work/Dry-shRub/shrub/Final/artifacts/labeling/pacific-union-college/sprint3/original/CALNU_0039_20250810_1/chm/CALNU_0039_20250810_1_chm.tif,/home/jovyan/work/Dry-shRub/shrub/Final/artifacts/labeling/ptx_cache/pacific-union-college/CALNU_0039_20250810_1.ptx,10,5.149275871061663,1.0000000000000002,,-3.76170709170961,6.2276356212841,-3.76170709170961,6.2276356212841,True,,551308.7936384148,4269134.312973671,551309.1767192947,4269133.820509419,48.96581763587892,47.627865491085686
pacific-union-college,CALNU_0039_20250810_1,CALNU_0039_20250810_1,20250810,2025-08-10,11,-12.2334205483213,6.49666467422278,2.982,3.189,1.0075168619135406,observed,2374,True,1.0,,1.0,uniform,/home/jovyan/work/Dry-shRub/shrub/Final/artifacts/labeling/pacific-union-college/sprint3/original/CALNU_0039_20250810_1/Shrubs/CALNU_0039_20250810_1.csv,sprint3_original,original,base,/home/jovyan/work/Dry-shRub/shrub/Final/artifacts/labeling/pacific-union-college/sprint3/original/CALNU_0039_20250810_1,/home/jovyan/work/Dry-shRub/shrub/Final/artifacts/labeling/pacific-union-college/sprint3/original/CALNU_0039_20250810_1/metrics/CALNU_0039_20250810_1_metrics.csv,/home/jovyan/work/Dry-shRub/shrub/Final/artifacts/labeling/pacific-union-college/sprint3/original/CALNU_0039_20250810_1/Inventory/CALNU_0039_20250810_1_inv.csv,/home/jovyan/work/Dry-shRub/shrub/Final/artifacts/labeling/pacific-union-college/sprint3/original/CALNU_0039_20250810_1/Fuels/CALNU_0039_20250810_1.tif,/home/jovyan/work/Dry-shRub/shrub/Final/artifacts/labeling/pacific-union-college/sprint3/original/CALNU_0039_20250810_1/dtm/CALNU_0039_20250810_1_dtm.tif,/home/jovyan/work/Dry-shRub/shrub/Final/artifacts/labeling/pacific-union-college/sprint3/original/CALNU_0039_20250810_1/chm/CALNU_0039_20250810_1_chm.tif,/home/jovyan/work/Dry-shRub/shrub/Final/artifacts/labeling/ptx_cache/pacific-union-college/CALNU_0039_20250810_1.ptx,11,6.330415143510843,1.0,,-12.2334205483213,6.49666467422278,-12.2334205483213,6.49666467422278,True,,551300.5064210147,4269132.534274688,551300.8894961327,4269132.041746913,51.930421811528504,33.81582688773051
pacific-union-college,CALNU_0039_20250810_1,CALNU_0039_20250810_1,20250810,2025-08-10,12,6.52814348996526,4.82488232092413,2.997,5.928,1.373659712336906,observed,3851,True,1.0,,1.0,uniform,/home/jovyan/work/Dry-shRub/shrub/Final/artifacts/labeling/pacific-union-college/sprint3/original/CALNU_0039_20250810_1/Shrubs/CALNU_0039_20250810_1.csv,sprint3_original,original,base,/home/jovyan/work/Dry-shRub/shrub/Final/artifacts/labeling/pacific-union-college/sprint3/original/CALNU_0039_20250810_1,/home/jovyan/work/Dry-shRub/shrub/Final/artifacts/labeling/pacific-union-college/sprint3/original/CALNU_0039_20250810_1/metrics/CALNU_0039_20250810_1_metrics.csv,/home/jovyan/work/Dry-shRub/shrub/Final/artifacts/labeling/pacific-union-college/sprint3/original/CALNU_0039_20250810_1/Inventory/CALNU_0039_20250810_1_inv.csv,/home/jovyan/work/Dry-shRub/shrub/Final/artifacts/labeling/pacific-union-college/sprint3/original/CALNU_0039_20250810_1/Fuels/CALNU_0039_20250810_1.tif,/home/jovyan/work/Dry-shRub/shrub/Final/artifacts/labeling/pacific-union-college/sprint3/original/CALNU_0039_20250810_1/dtm/CALNU_0039_20250810_1_dtm.tif,/home/jovyan/work/Dry-shRub/shrub/Final/artifacts/labeling/pacific-union-college/sprint3/original/CALNU_0039_20250810_1/chm/CALNU_0039_20250810_1_chm.tif,/home/jovyan/work/Dry-shRub/shrub/Final/artifacts/labeling/ptx_cache/pacific-union-college/CALNU_0039_20250810_1.ptx,12,8.630958521619783,1.0000000000000002,,6.52814348996526,4.82488232092413,6.52814348996526,4.82488232092413,True,,551319.1184635833,4269135.429075898,551319.5015445199,4269134.936687434,47.10552094411105,64.83590753294993
pacific-union-college,CALNU_0039_20250810_1,CALNU_0039_20250810_1,20250810,2025-08-10,13,-0.252198417623839,3.58176677704721,2.999,4.031,1.1327431973783202,observed,18821,True,1.0,,1.0,uniform,/home/jovyan/work/Dry-shRub/shrub/Final/artifacts/labeling/pacific-union-college/sprint3/original/CALNU_0039_20250810_1/Shrubs/CALNU_0039_20250810_1.csv,sprint3_original,original,base,/home/jovyan/work/Dry-shRub/shrub/Final/artifacts/labeling/pacific-union-college/sprint3/original/CALNU_0039_20250810_1,/home/jovyan/work/Dry-shRub/shrub/Final/artifacts/labeling/pacific-union-college/sprint3/original/CALNU_0039_20250810_1/metrics/CALNU_0039_20250810_1_metrics.csv,/home/jovyan/work/Dry-shRub/shrub/Final/artifacts/labeling/pacific-union-college/sprint3/original/CALNU_0039_20250810_1/Inventory/CALNU_0039_20250810_1_inv.csv,/home/jovyan/work/Dry-shRub/shrub/Final/artifacts/labeling/pacific-union-college/sprint3/original/CALNU_0039_20250810_1/Fuels/CALNU_0039_20250810_1.tif,/home/jovyan/work/Dry-shRub/shrub/Final/artifacts/labeling/pacific-union-college/sprint3/original/CALNU_0039_20250810_1/dtm/CALNU_0039_20250810_1_dtm.tif,/home/jovyan/work/Dry-shRub/shrub/Final/artifacts/labeling/pacific-union-college/sprint3/original/CALNU_0039_20250810_1/chm/CALNU_0039_20250810_1_chm.tif,/home/jovyan/work/Dry-shRub/shrub/Final/artifacts/labeling/ptx_cache/pacific-union-college/CALNU_0039_20250810_1.ptx,13,7.117235414575088,1.0,,-0.252198417623839,3.58176677704721,-0.252198417623839,3.58176677704721,True,,551312.8369307121,4269132.58997167,551313.2199979039,4269132.09753034,51.83744943421334,54.36666317295749
pacific-union-college,CALNU_0039_20250810_1,CALNU_0039_20250810_1,20250810,2025-08-10,14,-7.52768405855864,3.09789134652745,2.999,6.849,1.4765176634476076,observed,4367,True,1.0,,1.0,uniform,/home/jovyan/work/Dry-shRub/shrub/Final/artifacts/labeling/pacific-union-college/sprint3/original/CALNU_0039_20250810_1/Shrubs/CALNU_0039_20250810_1.csv,sprint3_original,original,base,/home/jovyan/work/Dry-shRub/shrub/Final/artifacts/labeling/pacific-union-college/sprint3/original/CALNU_0039_20250810_1,/home/jovyan/work/Dry-shRub/shrub/Final/artifacts/labeling/pacific-union-college/sprint3/original/CALNU_0039_20250810_1/metrics/CALNU_0039_20250810_1_metrics.csv,/home/jovyan/work/Dry-shRub/shrub/Final/artifacts/labeling/pacific-union-college/sprint3/original/CALNU_0039_20250810_1/Inventory/CALNU_0039_20250810_1_inv.csv,/home/jovyan/work/Dry-shRub/shrub/Final/artifacts/labeling/pacific-union-college/sprint3/original/CALNU_0039_20250810_1/Fuels/CALNU_0039_20250810_1.tif,/home/jovyan/work/Dry-shRub/shrub/Final/artifacts/labeling/pacific-union-college/sprint3/original/CALNU_0039_20250810_1/dtm/CALNU_0039_20250810_1_dtm.tif,/home/jovyan/work/Dry-shRub/shrub/Final/artifacts/labeling/pacific-union-college/sprint3/original/CALNU_0039_20250810_1/chm/CALNU_0039_20250810_1_chm.tif,/home/jovyan/work/Dry-shRub/shrub/Final/artifacts/labeling/ptx_cache/pacific-union-college/CALNU_0039_20250810_1.ptx,14,9.27723408876514,1.0,,-7.52768405855864,3.09789134652745,-7.52768405855864,3.09789134652745,True,,551305.8920206112,4269130.3685479015,551306.2750783637,4269129.876051014,55.53991497680545,42.79179727262817
pacific-union-college,CALNU_0039_20250810_1,CALNU_0039_20250810_1,20250810,2025-08-10,15,-1.96602510243271,2.05959223930382,2.999,7.637,1.559144829958272,observed,123967,True,1.0,,1.0,uniform,/home/jovyan/work/Dry-shRub/shrub/Final/artifacts/labeling/pacific-union-college/sprint3/original/CALNU_0039_20250810_1/Shrubs/CALNU_0039_20250810_1.csv,sprint3_original,original,base,/home/jovyan/work/Dry-shRub/shrub/Final/artifacts/labeling/pacific-union-college/sprint3/original/CALNU_0039_20250810_1,/home/jovyan/work/Dry-shRub/shrub/Final/artifacts/labeling/pacific-union-college/sprint3/original/CALNU_0039_20250810_1/metrics/CALNU_0039_20250810_1_metrics.csv,/home/jovyan/work/Dry-shRub/shrub/Final/artifacts/labeling/pacific-union-college/sprint3/original/CALNU_0039_20250810_1/Inventory/CALNU_0039_20250810_1_inv.csv,/home/jovyan/work/Dry-shRub/shrub/Final/artifacts/labeling/pacific-union-college/sprint3/original/CALNU_0039_20250810_1/Fuels/CALNU_0039_20250810_1.tif,/home/jovyan/work/Dry-shRub/shrub/Final/artifacts/labeling/pacific-union-college/sprint3/original/CALNU_0039_20250810_1/dtm/CALNU_0039_20250810_1_dtm.tif,/home/jovyan/work/Dry-shRub/shrub/Final/artifacts/labeling/pacific-union-college/sprint3/original/CALNU_0039_20250810_1/chm/CALNU_0039_20250810_1_chm.tif,/home/jovyan/work/Dry-shRub/shrub/Final/artifacts/labeling/ptx_cache/pacific-union-college/CALNU_0039_20250810_1.ptx,15,9.79639588735883,1.0,,-1.96602510243271,2.05959223930382,-1.96602510243271,2.05959223930382,True,,551311.5400259036,4269130.699930722,551311.9230819617,4269130.207474409,54.98754265252501,52.205136602628045
pacific-union-college,CALNU_0039_20250810_1,CALNU_0039_20250810_1,20250810,2025-08-10,16,-10.7658171073934,0.714372879331034,2.998,5.273,1.2955493158684188,observed,3791,True,1.0,,1.0,uniform,/home/jovyan/work/Dry-shRub/shrub/Final/artifacts/labeling/pacific-union-college/sprint3/original/CALNU_0039_20250810_1/Shrubs/CALNU_0039_20250810_1.csv,sprint3_original,original,base,/home/jovyan/work/Dry-shRub/shrub/Final/artifacts/labeling/pacific-union-college/sprint3/original/CALNU_0039_20250810_1,/home/jovyan/work/Dry-shRub/shrub/Final/artifacts/labeling/pacific-union-college/sprint3/original/CALNU_0039_20250810_1/metrics/CALNU_0039_20250810_1_metrics.csv,/home/jovyan/work/Dry-shRub/shrub/Final/artifacts/labeling/pacific-union-college/sprint3/original/CALNU_0039_20250810_1/Inventory/CALNU_0039_20250810_1_inv.csv,/home/jovyan/work/Dry-shRub/shrub/Final/artifacts/labeling/pacific-union-college/sprint3/original/CALNU_0039_20250810_1/Fuels/CALNU_0039_20250810_1.tif,/home/jovyan/work/Dry-shRub/shrub/Final/artifacts/labeling/pacific-union-college/sprint3/original/CALNU_0039_20250810_1/dtm/CALNU_0039_20250810_1_dtm.tif,/home/jovyan/work/Dry-shRub/shrub/Final/artifacts/labeling/pacific-union-college/sprint3/original/CALNU_0039_20250810_1/chm/CALNU_0039_20250810_1_chm.tif,/home/jovyan/work/Dry-shRub/shrub/Final/artifacts/labeling/ptx_cache/pacific-union-college/CALNU_0039_20250810_1.ptx,16,8.140176426191013,1.0000000000000002,,-10.7658171073934,0.714372879331034,-10.7658171073934,0.714372879331034,True,,551303.3230464708,4269127.275485348,551303.7060862717,4269126.782960822,60.695065297186375,38.510143785970286
pacific-union-college,CALNU_0039_20250810_1,CALNU_0039_20250810_1,20250810,2025-08-10,17,3.10074350536652,0.189354054015224,2.991,5.858,1.3655252884017366,observed,37029,True,1.0,,1.0,uniform,/home/jovyan/work/Dry-shRub/shrub/Final/artifacts/labeling/pacific-union-college/sprint3/original/CALNU_0039_20250810_1/Shrubs/CALNU_0039_20250810_1.csv,sprint3_original,original,base,/home/jovyan/work/Dry-shRub/shrub/Final/artifacts/labeling/pacific-union-college/sprint3/original/CALNU_0039_20250810_1,/home/jovyan/work/Dry-shRub/shrub/Final/artifacts/labeling/pacific-union-college/sprint3/original/CALNU_0039_20250810_1/metrics/CALNU_0039_20250810_1_metrics.csv,/home/jovyan/work/Dry-shRub/shrub/Final/artifacts/labeling/pacific-union-college/sprint3/original/CALNU_0039_20250810_1/Inventory/CALNU_0039_20250810_1_inv.csv,/home/jovyan/work/Dry-shRub/shrub/Final/artifacts/labeling/pacific-union-college/sprint3/original/CALNU_0039_20250810_1/Fuels/CALNU_0039_20250810_1.tif,/home/jovyan/work/Dry-shRub/shrub/Final/artifacts/labeling/pacific-union-college/sprint3/original/CALNU_0039_20250810_1/dtm/CALNU_0039_20250810_1_dtm.tif,/home/jovyan/work/Dry-shRub/shrub/Final/artifacts/labeling/pacific-union-college/sprint3/original/CALNU_0039_20250810_1/chm/CALNU_0039_20250810_1_chm.tif,/home/jovyan/work/Dry-shRub/shrub/Final/artifacts/labeling/ptx_cache/pacific-union-college/CALNU_0039_20250810_1.ptx,17,8.579848428667958,1.0,,3.10074350536652,0.189354054015224,3.10074350536652,0.189354054015224,True,,551316.908008698,4269130.104693557,551317.2910573231,4269129.612272996,55.9795450065285,61.151762204943225
pacific-union-college,CALNU_0039_20250810_1,CALNU_0039_20250810_1,20250810,2025-08-10,18,-7.89629941588991,-0.136298183911296,2.999,6.946,1.486936605720839,observed,7177,True,1.0,,1.0,uniform,/home/jovyan/work/Dry-shRub/shrub/Final/artifacts/labeling/pacific-union-college/sprint3/original/CALNU_0039_20250810_1/Shrubs/CALNU_0039_20250810_1.csv,sprint3_original,original,base,/home/jovyan/work/Dry-shRub/shrub/Final/artifacts/labeling/pacific-union-college/sprint3/original/CALNU_0039_20250810_1,/home/jovyan/work/Dry-shRub/shrub/Final/artifacts/labeling/pacific-union-college/sprint3/original/CALNU_0039_20250810_1/metrics/CALNU_0039_20250810_1_metrics.csv,/home/jovyan/work/Dry-shRub/shrub/Final/artifacts/labeling/pacific-union-college/sprint3/original/CALNU_0039_20250810_1/Inventory/CALNU_0039_20250810_1_inv.csv,/home/jovyan/work/Dry-shRub/shrub/Final/artifacts/labeling/pacific-union-college/sprint3/original/CALNU_0039_20250810_1/Fuels/CALNU_0039_20250810_1.tif,/home/jovyan/work/Dry-shRub/shrub/Final/artifacts/labeling/pacific-union-college/sprint3/original/CALNU_0039_20250810_1/dtm/CALNU_0039_20250810_1_dtm.tif,/home/jovyan/work/Dry-shRub/shrub/Final/artifacts/labeling/pacific-union-college/sprint3/original/CALNU_0039_20250810_1/chm/CALNU_0039_20250810_1_chm.tif,/home/jovyan/work/Dry-shRub/shrub/Final/artifacts/labeling/ptx_cache/pacific-union-college/CALNU_0039_20250810_1.ptx,18,9.342698233772662,1.0,,-7.89629941588991,-0.136298183911296,-7.89629941588991,-0.136298183911296,True,,551306.3129483397,4269127.14076398,551306.6959852914,4269126.648259956,60.91956674028188,43.49330881878268
pacific-union-college,CALNU_0039_20250810_1,CALNU_0039_20250810_1,20250810,2025-08-10,19,5.61943142837865,-1.21421187175426,2.999,2.7,0.927058084855655,observed,2253,True,1.0,,1.0,uniform,/home/jovyan/work/Dry-shRub/shrub/Final/artifacts/labeling/pacific-union-college/sprint3/original/CALNU_0039_20250810_1/Shrubs/CALNU_0039_20250810_1.csv,sprint3_original,original,base,/home/jovyan/work/Dry-shRub/shrub/Final/artifacts/labeling/pacific-union-college/sprint3/original/CALNU_0039_20250810_1,/home/jovyan/work/Dry-shRub/shrub/Final/artifacts/labeling/pacific-union-college/sprint3/original/CALNU_0039_20250810_1/metrics/CALNU_0039_20250810_1_metrics.csv,/home/jovyan/work/Dry-shRub/shrub/Final/artifacts/labeling/pacific-union-college/sprint3/original/CALNU_0039_20250810_1/Inventory/CALNU_0039_20250810_1_inv.csv,/home/jovyan/work/Dry-shRub/shrub/Final/artifacts/labeling/pacific-union-college/sprint3/original/CALNU_0039_20250810_1/Fuels/CALNU_0039_20250810_1.tif,/home/jovyan/work/Dry-shRub/shrub/Final/artifacts/labeling/pacific-union-college/sprint3/original/CALNU_0039_20250810_1/dtm/CALNU_0039_20250810_1_dtm.tif,/home/jovyan/work/Dry-shRub/shrub/Final/artifacts/labeling/pacific-union-college/sprint3/original/CALNU_0039_20250810_1/chm/CALNU_0039_20250810_1_chm.tif,/home/jovyan/work/Dry-shRub/shrub/Final/artifacts/labeling/ptx_cache/pacific-union-college/CALNU_0039_20250810_1.ptx,19,5.824877737667098,1.0,,5.61943142837865,-1.21421187175426,5.61943142837865,-1.21421187175426,True,,551319.6905242554,4269129.348872809,551320.0735661748,4269128.856469402,57.23921766411513,65.78927695786115
pacific-union-college,CALNU_0039_20250810_1,CALNU_0039_20250810_1,20250810,2025-08-10,20,12.7894685092257,-1.28381609929211,2.998,0.426,0.3682390684247053,observed,122,True,1.0,,1.0,uniform,/home/jovyan/work/Dry-shRub/shrub/Final/artifacts/labeling/pacific-union-college/sprint3/original/CALNU_0039_20250810_1/Shrubs/CALNU_0039_20250810_1.csv,sprint3_original,original,base,/home/jovyan/work/Dry-shRub/shrub/Final/artifacts/labeling/pacific-union-college/sprint3/original/CALNU_0039_20250810_1,/home/jovyan/work/Dry-shRub/shrub/Final/artifacts/labeling/pacific-union-college/sprint3/original/CALNU_0039_20250810_1/metrics/CALNU_0039_20250810_1_metrics.csv,/home/jovyan/work/Dry-shRub/shrub/Final/artifacts/labeling/pacific-union-college/sprint3/original/CALNU_0039_20250810_1/Inventory/CALNU_0039_20250810_1_inv.csv,/home/jovyan/work/Dry-shRub/shrub/Final/artifacts/labeling/pacific-union-college/sprint3/original/CALNU_0039_20250810_1/Fuels/CALNU_0039_20250810_1.tif,/home/jovyan/work/Dry-shRub/shrub/Final/artifacts/labeling/pacific-union-college/sprint3/original/CALNU_0039_20250810_1/dtm/CALNU_0039_20250810_1_dtm.tif,/home/jovyan/work/Dry-shRub/shrub/Final/artifacts/labeling/pacific-union-college/sprint3/original/CALNU_0039_20250810_1/chm/CALNU_0039_20250810_1_chm.tif,/home/jovyan/work/Dry-shRub/shrub/Final/artifacts/labeling/ptx_cache/pacific-union-college/CALNU_0039_20250810_1.ptx,20,2.313714304255607,1.0,,12.7894685092257,-1.28381609929211,12.7894685092257,-1.28381609929211,True,,551326.6663499989,4269131.007712296,551327.0493976288,4269130.515362998,54.47439500503242,77.4156627143966
pacific-union-college,CALNU_0039_20250810_1,CALNU_0039_20250810_1,20250810,2025-08-10,21,-12.2708238088234,-1.2704848351358,1.654,2.057,0.8091745398120589,observed,1090,True,1.0,,1.0,uniform,/home/jovyan/work/Dry-shRub/shrub/Final/artifacts/labeling/pacific-union-college/sprint3/original/CALNU_0039_20250810_1/Shrubs/CALNU_0039_20250810_1.csv,sprint3_original,original,base,/home/jovyan/work/Dry-shRub/shrub/Final/artifacts/labeling/pacific-union-college/sprint3/original/CALNU_0039_20250810_1,/home/jovyan/work/Dry-shRub/shrub/Final/artifacts/labeling/pacific-union-college/sprint3/original/CALNU_0039_20250810_1/metrics/CALNU_0039_20250810_1_metrics.csv,/home/jovyan/work/Dry-shRub/shrub/Final/artifacts/labeling/pacific-union-college/sprint3/original/CALNU_0039_20250810_1/Inventory/CALNU_0039_20250810_1_inv.csv,/home/jovyan/work/Dry-shRub/shrub/Final/artifacts/labeling/pacific-union-college/sprint3/original/CALNU_0039_20250810_1/Fuels/CALNU_0039_20250810_1.tif,/home/jovyan/work/Dry-shRub/shrub/Final/artifacts/labeling/pacific-union-college/sprint3/original/CALNU_0039_20250810_1/dtm/CALNU_0039_20250810_1_dtm.tif,/home/jovyan/work/Dry-shRub/shrub/Final/artifacts/labeling/pacific-union-college/sprint3/original/CALNU_0039_20250810_1/chm/CALNU_0039_20250810_1_chm.tif,/home/jovyan/work/Dry-shRub/shrub/Final/artifacts/labeling/ptx_cache/pacific-union-college/CALNU_0039_20250810_1.ptx,21,5.084193579490932,1.0000000000000002,,-12.2708238088234,-1.2704848351358,-12.2708238088234,-1.2704848351358,True,,551302.3402177609,4269124.986654394,551302.7232436591,4269124.494115835,64.5098069421947,36.872072765021585
pacific-union-college,CALNU_0039_20250810_1,CALNU_0039_20250810_1,20250810,2025-08-10,22,7.93310181572109,-2.32835211521399,2.998,6.784,1.469494562041941,observed,3328,True,1.0,,1.0,uniform,/home/jovyan/work/Dry-shRub/shrub/Final/artifacts/labeling/pacific-union-college/sprint3/original/CALNU_0039_20250810_1/Shrubs/CALNU_0039_20250810_1.csv,sprint3_original,original,base,/home/jovyan/work/Dry-shRub/shrub/Final/artifacts/labeling/pacific-union-college/sprint3/original/CALNU_0039_20250810_1,/home/jovyan/work/Dry-shRub/shrub/Final/artifacts/labeling/pacific-union-college/sprint3/original/CALNU_0039_20250810_1/metrics/CALNU_0039_20250810_1_metrics.csv,/home/jovyan/work/Dry-shRub/shrub/Final/artifacts/labeling/pacific-union-college/sprint3/original/CALNU_0039_20250810_1/Inventory/CALNU_0039_20250810_1_inv.csv,/home/jovyan/work/Dry-shRub/shrub/Final/artifacts/labeling/pacific-union-college/sprint3/original/CALNU_0039_20250810_1/Fuels/CALNU_0039_20250810_1.tif,/home/jovyan/work/Dry-shRub/shrub/Final/artifacts/labeling/pacific-union-college/sprint3/original/CALNU_0039_20250810_1/dtm/CALNU_0039_20250810_1_dtm.tif,/home/jovyan/work/Dry-shRub/shrub/Final/artifacts/labeling/pacific-union-college/sprint3/original/CALNU_0039_20250810_1/chm/CALNU_0039_20250810_1_chm.tif,/home/jovyan/work/Dry-shRub/shrub/Final/artifacts/labeling/ptx_cache/pacific-union-college/CALNU_0039_20250810_1.ptx,22,9.233106641202223,1.0,,7.93310181572109,-2.32835211521399,7.93310181572109,-2.32835211521399,True,,551322.2043695503,4269128.824597929,551322.5874064096,4269128.332210523,58.11298246216029,69.97901068243664
pacific-union-college,CALNU_0039_20250810_1,CALNU_0039_20250810_1,20250810,2025-08-10,23,4.25477605217715,-3.26827711359024,2.999,9.519,1.7406871650539344,observed,24146,True,1.0,,1.0,uniform,/home/jovyan/work/Dry-shRub/shrub/Final/artifacts/labeling/pacific-union-college/sprint3/original/CALNU_0039_20250810_1/Shrubs/CALNU_0039_20250810_1.csv,sprint3_original,original,base,/home/jovyan/work/Dry-shRub/shrub/Final/artifacts/labeling/pacific-union-college/sprint3/original/CALNU_0039_20250810_1,/home/jovyan/work/Dry-shRub/shrub/Final/artifacts/labeling/pacific-union-college/sprint3/original/CALNU_0039_20250810_1/metrics/CALNU_0039_20250810_1_metrics.csv,/home/jovyan/work/Dry-shRub/shrub/Final/artifacts/labeling/pacific-union-college/sprint3/original/CALNU_0039_20250810_1/Inventory/CALNU_0039_20250810_1_inv.csv,/home/jovyan/work/Dry-shRub/shrub/Final/artifacts/labeling/pacific-union-college/sprint3/original/CALNU_0039_20250810_1/Fuels/CALNU_0039_20250810_1.tif,/home/jovyan/work/Dry-shRub/shrub/Final/artifacts/labeling/pacific-union-college/sprint3/original/CALNU_0039_20250810_1/dtm/CALNU_0039_20250810_1_dtm.tif,/home/jovyan/work/Dry-shRub/shrub/Final/artifacts/labeling/pacific-union-college/sprint3/original/CALNU_0039_20250810_1/chm/CALNU_0039_20250810_1_chm.tif,/home/jovyan/work/Dry-shRub/shrub/Final/artifacts/labeling/ptx_cache/pacific-union-college/CALNU_0039_20250810_1.ptx,23,10.937060019862969,1.0,,4.25477605217715,-3.26827711359024,4.25477605217715,-3.26827711359024,True,,551318.8605803187,4269127.026664319,551319.2436080568,4269126.534247858,61.10958690289408,64.4060134277679
pacific-union-college,CALNU_0039_20250810_1,CALNU_0039_20250810_1,20250810,2025-08-10,24,-13.2449201723626,-4.4086884310403,2.999,4.853,1.2428828897566884,observed,1252,True,1.0,,1.0,uniform,/home/jovyan/work/Dry-shRub/shrub/Final/artifacts/labeling/pacific-union-college/sprint3/original/CALNU_0039_20250810_1/Shrubs/CALNU_0039_20250810_1.csv,sprint3_original,original,base,/home/jovyan/work/Dry-shRub/shrub/Final/artifacts/labeling/pacific-union-college/sprint3/original/CALNU_0039_20250810_1,/home/jovyan/work/Dry-shRub/shrub/Final/artifacts/labeling/pacific-union-college/sprint3/original/CALNU_0039_20250810_1/metrics/CALNU_0039_20250810_1_metrics.csv,/home/jovyan/work/Dry-shRub/shrub/Final/artifacts/labeling/pacific-union-college/sprint3/original/CALNU_0039_20250810_1/Inventory/CALNU_0039_20250810_1_inv.csv,/home/jovyan/work/Dry-shRub/shrub/Final/artifacts/labeling/pacific-union-college/sprint3/original/CALNU_0039_20250810_1/Fuels/CALNU_0039_20250810_1.tif,/home/jovyan/work/Dry-shRub/shrub/Final/artifacts/labeling/pacific-union-college/sprint3/original/CALNU_0039_20250810_1/dtm/CALNU_0039_20250810_1_dtm.tif,/home/jovyan/work/Dry-shRub/shrub/Final/artifacts/labeling/pacific-union-college/sprint3/original/CALNU_0039_20250810_1/chm/CALNU_0039_20250810_1_chm.tif,/home/jovyan/work/Dry-shRub/shrub/Final/artifacts/labeling/ptx_cache/pacific-union-college/CALNU_0039_20250810_1.ptx,24,7.809263511464129,1.0,,-13.2449201723626,-4.4086884310403,-13.2449201723626,-4.4086884310403,True,,551302.1503694862,4269121.706244959,551302.5333746535,4269121.21369482,69.97717530000955,36.555624422384426
pacific-union-college,CALNU_0039_20250810_1,CALNU_0039_20250810_1,20250810,2025-08-10,25,2.74499794760146,-6.73151745795983,2.211,5.521,1.3256654486033452,observed,4670,True,1.0,,1.0,uniform,/home/jovyan/work/Dry-shRub/shrub/Final/artifacts/labeling/pacific-union-college/sprint3/original/CALNU_0039_20250810_1/Shrubs/CALNU_0039_20250810_1.csv,sprint3_original,original,base,/home/jovyan/work/Dry-shRub/shrub/Final/artifacts/labeling/pacific-union-college/sprint3/original/CALNU_0039_20250810_1,/home/jovyan/work/Dry-shRub/shrub/Final/artifacts/labeling/pacific-union-college/sprint3/original/CALNU_0039_20250810_1/metrics/CALNU_0039_20250810_1_metrics.csv,/home/jovyan/work/Dry-shRub/shrub/Final/artifacts/labeling/pacific-union-college/sprint3/original/CALNU_0039_20250810_1/Inventory/CALNU_0039_20250810_1_inv.csv,/home/jovyan/work/Dry-shRub/shrub/Final/artifacts/labeling/pacific-union-college/sprint3/original/CALNU_0039_20250810_1/Fuels/CALNU_0039_20250810_1.tif,/home/jovyan/work/Dry-shRub/shrub/Final/artifacts/labeling/pacific-union-college/sprint3/original/CALNU_0039_20250810_1/dtm/CALNU_0039_20250810_1_dtm.tif,/home/jovyan/work/Dry-shRub/shrub/Final/artifacts/labeling/pacific-union-college/sprint3/original/CALNU_0039_20250810_1/chm/CALNU_0039_20250810_1_chm.tif,/home/jovyan/work/Dry-shRub/shrub/Final/artifacts/labeling/ptx_cache/pacific-union-college/CALNU_0039_20250810_1.ptx,25,8.329401668900173,1.0,,2.74499794760146,-6.73151745795983,2.74499794760146,-6.73151745795983,True,,551318.2290713311,4269123.301800772,551318.6120758429,4269122.809368282,67.31771953124553,63.35345973796211
pacific-union-college,CALNU_0039_20250810_1,CALNU_0039_20250810_1,20250810,2025-08-10,26,8.64478405361413,-8.27813415833874,2.996,4.443,1.189222781616036,observed,1363,True,1.0,,1.0,uniform,/home/jovyan/work/Dry-shRub/shrub/Final/artifacts/labeling/pacific-union-college/sprint3/original/CALNU_0039_20250810_1/Shrubs/CALNU_0039_20250810_1.csv,sprint3_original,original,base,/home/jovyan/work/Dry-shRub/shrub/Final/artifacts/labeling/pacific-union-college/sprint3/original/CALNU_0039_20250810_1,/home/jovyan/work/Dry-shRub/shrub/Final/artifacts/labeling/pacific-union-college/sprint3/original/CALNU_0039_20250810_1/metrics/CALNU_0039_20250810_1_metrics.csv,/home/jovyan/work/Dry-shRub/shrub/Final/artifacts/labeling/pacific-union-college/sprint3/original/CALNU_0039_20250810_1/Inventory/CALNU_0039_20250810_1_inv.csv,/home/jovyan/work/Dry-shRub/shrub/Final/artifacts/labeling/pacific-union-college/sprint3/original/CALNU_0039_20250810_1/Fuels/CALNU_0039_20250810_1.tif,/home/jovyan/work/Dry-shRub/shrub/Final/artifacts/labeling/pacific-union-college/sprint3/original/CALNU_0039_20250810_1/dtm/CALNU_0039_20250810_1_dtm.tif,/home/jovyan/work/Dry-shRub/shrub/Final/artifacts/labeling/pacific-union-college/sprint3/original/CALNU_0039_20250810_1/chm/CALNU_0039_20250810_1_chm.tif,/home/jovyan/work/Dry-shRub/shrub/Final/artifacts/labeling/ptx_cache/pacific-union-college/CALNU_0039_20250810_1.ptx,26,7.472107108413114,1.0000000000000002,,8.64478405361413,-8.27813415833874,8.64478405361413,-8.27813415833874,True,,551324.3276425916,4269123.22123636,551324.7106424131,4269122.728846423,67.45192262809724,73.51773735496681
pacific-union-college,CALNU_0039_20250810_1,CALNU_0039_20250810_1,20250810,2025-08-10,27,-1.66690227639397,-12.5528152137749,2.998,3.73,1.089631073100221,observed,1254,True,1.0,,1.0,uniform,/home/jovyan/work/Dry-shRub/shrub/Final/artifacts/labeling/pacific-union-college/sprint3/original/CALNU_0039_20250810_1/Shrubs/CALNU_0039_20250810_1.csv,sprint3_original,original,base,/home/jovyan/work/Dry-shRub/shrub/Final/artifacts/labeling/pacific-union-college/sprint3/original/CALNU_0039_20250810_1,/home/jovyan/work/Dry-shRub/shrub/Final/artifacts/labeling/pacific-union-college/sprint3/original/CALNU_0039_20250810_1/metrics/CALNU_0039_20250810_1_metrics.csv,/home/jovyan/work/Dry-shRub/shrub/Final/artifacts/labeling/pacific-union-college/sprint3/original/CALNU_0039_20250810_1/Inventory/CALNU_0039_20250810_1_inv.csv,/home/jovyan/work/Dry-shRub/shrub/Final/artifacts/labeling/pacific-union-college/sprint3/original/CALNU_0039_20250810_1/Fuels/CALNU_0039_20250810_1.tif,/home/jovyan/work/Dry-shRub/shrub/Final/artifacts/labeling/pacific-union-college/sprint3/original/CALNU_0039_20250810_1/dtm/CALNU_0039_20250810_1_dtm.tif,/home/jovyan/work/Dry-shRub/shrub/Final/artifacts/labeling/pacific-union-college/sprint3/original/CALNU_0039_20250810_1/chm/CALNU_0039_20250810_1_chm.tif,/home/jovyan/work/Dry-shRub/shrub/Final/artifacts/labeling/ptx_cache/pacific-union-college/CALNU_0039_20250810_1.ptx,27,6.846353948749634,1.0000000000000002,,-1.66690227639397,-12.5528152137749,-1.66690227639397,-12.5528152137749,True,,551315.3485821353,4269116.589491017,551315.7315459797,4269116.0970174195,78.50497096776962,58.552576632704586
pacific-union-college,CALNU_0039_20250810_1,CALNU_0039_20250810_1,20250810,2025-08-10,5,-0.227375843328986,11.1955190176864,0.548,1.081,0.5865943973178381,observed,281,True,1.0,,1.0,uniform,/home/jovyan/work/Dry-shRub/shrub/Final/artifacts/labeling/pacific-union-college/sprint3/revised/CALNU_0039_20250810_1/Shrubs/CALNU_0039_20250810_1.csv,sprint3_revised,revised,base,/home/jovyan/work/Dry-shRub/shrub/Final/artifacts/labeling/pacific-union-college/sprint3/revised/CALNU_0039_20250810_1,/home/jovyan/work/Dry-shRub/shrub/Final/artifacts/labeling/pacific-union-college/sprint3/revised/CALNU_0039_20250810_1/metrics/CALNU_0039_20250810_1_metrics.csv,/home/jovyan/work/Dry-shRub/shrub/Final/artifacts/labeling/pacific-union-college/sprint3/revised/CALNU_0039_20250810_1/Inventory/CALNU_0039_20250810_1_inv.csv,/home/jovyan/work/Dry-shRub/shrub/Final/artifacts/labeling/pacific-union-college/sprint3/revised/CALNU_0039_20250810_1/Fuels/CALNU_0039_20250810_1.tif,/home/jovyan/work/Dry-shRub/shrub/Final/artifacts/labeling/pacific-union-college/sprint3/revised/CALNU_0039_20250810_1/dtm/CALNU_0039_20250810_1_dtm.tif,/home/jovyan/work/Dry-shRub/shrub/Final/artifacts/labeling/pacific-union-college/sprint3/revised/CALNU_0039_20250810_1/chm/CALNU_0039_20250810_1_chm.tif,/home/jovyan/work/Dry-shRub/shrub/Final/artifacts/labeling/ptx_cache/pacific-union-college/CALNU_0039_20250810_1.ptx,1,3.6856812985013048,1.0,,-0.227375843328986,11.1955190176864,-0.227375843328986,11.1955190176864,True,,551311.0278569688,4269139.985678981,551311.4109724079,4269139.493248095,33.51125317532569,53.351620679721236
pacific-union-college,CALNU_0039_20250810_1,CALNU_0039_20250810_1,20250810,2025-08-10,7,-8.30030865538687,10.6174533640788,0.594,0.807,0.5068294369413828,observed,100,True,1.0,,1.0,uniform,/home/jovyan/work/Dry-shRub/shrub/Final/artifacts/labeling/pacific-union-college/sprint3/revised/CALNU_0039_20250810_1/Shrubs/CALNU_0039_20250810_1.csv,sprint3_revised,revised,base,/home/jovyan/work/Dry-shRub/shrub/Final/artifacts/labeling/pacific-union-college/sprint3/revised/CALNU_0039_20250810_1,/home/jovyan/work/Dry-shRub/shrub/Final/artifacts/labeling/pacific-union-college/sprint3/revised/CALNU_0039_20250810_1/metrics/CALNU_0039_20250810_1_metrics.csv,/home/jovyan/work/Dry-shRub/shrub/Final/artifacts/labeling/pacific-union-college/sprint3/revised/CALNU_0039_20250810_1/Inventory/CALNU_0039_20250810_1_inv.csv,/home/jovyan/work/Dry-shRub/shrub/Final/artifacts/labeling/pacific-union-college/sprint3/revised/CALNU_0039_20250810_1/Fuels/CALNU_0039_20250810_1.tif,/home/jovyan/work/Dry-shRub/shrub/Final/artifacts/labeling/pacific-union-college/sprint3/revised/CALNU_0039_20250810_1/dtm/CALNU_0039_20250810_1_dtm.tif,/home/jovyan/work/Dry-shRub/shrub/Final/artifacts/labeling/pacific-union-college/sprint3/revised/CALNU_0039_20250810_1/chm/CALNU_0039_20250810_1_chm.tif,/home/jovyan/work/Dry-shRub/shrub/Final/artifacts/labeling/ptx_cache/pacific-union-college/CALNU_0039_20250810_1.ptx,2,3.1845032714361987,1.0,,-8.30030865538687,10.6174533640788,-8.30030865538687,10.6174533640788,True,,551303.331641864,4269137.480827691,551303.7147465689,4269136.98833515,37.68610808253288,40.524577614851296
pacific-union-college,CALNU_0039_20250810_1,CALNU_0039_20250810_1,20250810,2025-08-10,15,0.225248895318985,7.74496307696977,0.606,0.198,0.2510485161565201,observed,182,True,1.0,,1.0,uniform,/home/jovyan/work/Dry-shRub/shrub/Final/artifacts/labeling/pacific-union-college/sprint3/revised/CALNU_0039_20250810_1/Shrubs/CALNU_0039_20250810_1.csv,sprint3_revised,revised,base,/home/jovyan/work/Dry-shRub/shrub/Final/artifacts/labeling/pacific-union-college/sprint3/revised/CALNU_0039_20250810_1,/home/jovyan/work/Dry-shRub/shrub/Final/artifacts/labeling/pacific-union-college/sprint3/revised/CALNU_0039_20250810_1/metrics/CALNU_0039_20250810_1_metrics.csv,/home/jovyan/work/Dry-shRub/shrub/Final/artifacts/labeling/pacific-union-college/sprint3/revised/CALNU_0039_20250810_1/Inventory/CALNU_0039_20250810_1_inv.csv,/home/jovyan/work/Dry-shRub/shrub/Final/artifacts/labeling/pacific-union-college/sprint3/revised/CALNU_0039_20250810_1/Fuels/CALNU_0039_20250810_1.tif,/home/jovyan/work/Dry-shRub/shrub/Final/artifacts/labeling/pacific-union-college/sprint3/revised/CALNU_0039_20250810_1/dtm/CALNU_0039_20250810_1_dtm.tif,/home/jovyan/work/Dry-shRub/shrub/Final/artifacts/labeling/pacific-union-college/sprint3/revised/CALNU_0039_20250810_1/chm/CALNU_0039_20250810_1_chm.tif,/home/jovyan/work/Dry-shRub/shrub/Final/artifacts/labeling/ptx_cache/pacific-union-college/CALNU_0039_20250810_1.ptx,3,1.5773843481038845,0.9999999999999998,,0.225248895318985,7.74496307696977,0.225248895318985,7.74496307696977,True,,551312.2979553826,4269136.74563239,551312.681049356,4269136.253200265,38.911332892253995,55.46841559326276
pacific-union-college,CALNU_0039_20250810_1,CALNU_0039_20250810_1,20250810,2025-08-10,19,-3.76170709170961,6.2276356212841,1.544,2.11,0.8195327082232888,observed,2719,True,1.0,,1.0,uniform,/home/jovyan/work/Dry-shRub/shrub/Final/artifacts/labeling/pacific-union-college/sprint3/revised/CALNU_0039_20250810_1/Shrubs/CALNU_0039_20250810_1.csv,sprint3_revised,revised,base,/home/jovyan/work/Dry-shRub/shrub/Final/artifacts/labeling/pacific-union-college/sprint3/revised/CALNU_0039_20250810_1,/home/jovyan/work/Dry-shRub/shrub/Final/artifacts/labeling/pacific-union-college/sprint3/revised/CALNU_0039_20250810_1/metrics/CALNU_0039_20250810_1_metrics.csv,/home/jovyan/work/Dry-shRub/shrub/Final/artifacts/labeling/pacific-union-college/sprint3/revised/CALNU_0039_20250810_1/Inventory/CALNU_0039_20250810_1_inv.csv,/home/jovyan/work/Dry-shRub/shrub/Final/artifacts/labeling/pacific-union-college/sprint3/revised/CALNU_0039_20250810_1/Fuels/CALNU_0039_20250810_1.tif,/home/jovyan/work/Dry-shRub/shrub/Final/artifacts/labeling/pacific-union-college/sprint3/revised/CALNU_0039_20250810_1/dtm/CALNU_0039_20250810_1_dtm.tif,/home/jovyan/work/Dry-shRub/shrub/Final/artifacts/labeling/pacific-union-college/sprint3/revised/CALNU_0039_20250810_1/chm/CALNU_0039_20250810_1_chm.tif,/home/jovyan/work/Dry-shRub/shrub/Final/artifacts/labeling/ptx_cache/pacific-union-college/CALNU_0039_20250810_1.ptx,4,5.149275871061663,1.0000000000000002,,-3.76170709170961,6.2276356212841,-3.76170709170961,6.2276356212841,True,,551308.7936384148,4269134.312973671,551309.1767192947,4269133.820509419,42.9658176349476,49.6278654912021
pacific-union-college,CALNU_0039_20250810_1,CALNU_0039_20250810_1,20250810,2025-08-10,20,-2.28216469852632,6.26015432889407,1.403,1.298,0.6427800807947928,observed,1167,True,1.0,,1.0,uniform,/home/jovyan/work/Dry-shRub/shrub/Final/artifacts/labeling/pacific-union-college/sprint3/revised/CALNU_0039_20250810_1/Shrubs/CALNU_0039_20250810_1.csv,sprint3_revised,revised,base,/home/jovyan/work/Dry-shRub/shrub/Final/artifacts/labeling/pacific-union-college/sprint3/revised/CALNU_0039_20250810_1,/home/jovyan/work/Dry-shRub/shrub/Final/artifacts/labeling/pacific-union-college/sprint3/revised/CALNU_0039_20250810_1/metrics/CALNU_0039_20250810_1_metrics.csv,/home/jovyan/work/Dry-shRub/shrub/Final/artifacts/labeling/pacific-union-college/sprint3/revised/CALNU_0039_20250810_1/Inventory/CALNU_0039_20250810_1_inv.csv,/home/jovyan/work/Dry-shRub/shrub/Final/artifacts/labeling/pacific-union-college/sprint3/revised/CALNU_0039_20250810_1/Fuels/CALNU_0039_20250810_1.tif,/home/jovyan/work/Dry-shRub/shrub/Final/artifacts/labeling/pacific-union-college/sprint3/revised/CALNU_0039_20250810_1/dtm/CALNU_0039_20250810_1_dtm.tif,/home/jovyan/work/Dry-shRub/shrub/Final/artifacts/labeling/pacific-union-college/sprint3/revised/CALNU_0039_20250810_1/chm/CALNU_0039_20250810_1_chm.tif,/home/jovyan/work/Dry-shRub/shrub/Final/artifacts/labeling/ptx_cache/pacific-union-college/CALNU_0039_20250810_1.ptx,5,4.038706359397549,1.0,,-2.28216469852632,6.26015432889407,-2.28216469852632,6.26015432889407,True,,551310.2218174586,4269134.700778591,551310.6048998412,4269134.208325546,42.31945742294192,52.00816640199628
pacific-union-college,CALNU_0039_20250810_1,CALNU_0039_20250810_1,20250810,2025-08-10,22,0.250140370125017,5.74733205997065,0.182,0.239,0.2758188949255035,observed,351,True,1.0,,1.0,uniform,/home/jovyan/work/Dry-shRub/shrub/Final/artifacts/labeling/pacific-union-college/sprint3/revised/CALNU_0039_20250810_1/Shrubs/CALNU_0039_20250810_1.csv,sprint3_revised,revised,base,/home/jovyan/work/Dry-shRub/shrub/Final/artifacts/labeling/pacific-union-college/sprint3/revised/CALNU_0039_20250810_1,/home/jovyan/work/Dry-shRub/shrub/Final/artifacts/labeling/pacific-union-college/sprint3/revised/CALNU_0039_20250810_1/metrics/CALNU_0039_20250810_1_metrics.csv,/home/jovyan/work/Dry-shRub/shrub/Final/artifacts/labeling/pacific-union-college/sprint3/revised/CALNU_0039_20250810_1/Inventory/CALNU_0039_20250810_1_inv.csv,/home/jovyan/work/Dry-shRub/shrub/Final/artifacts/labeling/pacific-union-college/sprint3/revised/CALNU_0039_20250810_1/Fuels/CALNU_0039_20250810_1.tif,/home/jovyan/work/Dry-shRub/shrub/Final/artifacts/labeling/pacific-union-college/sprint3/revised/CALNU_0039_20250810_1/dtm/CALNU_0039_20250810_1_dtm.tif,/home/jovyan/work/Dry-shRub/shrub/Final/artifacts/labeling/pacific-union-college/sprint3/revised/CALNU_0039_20250810_1/chm/CALNU_0039_20250810_1_chm.tif,/home/jovyan/work/Dry-shRub/shrub/Final/artifacts/labeling/ptx_cache/pacific-union-college/CALNU_0039_20250810_1.ptx,6,1.733021228038434,1.0,,0.250140370125017,5.74733205997065,0.250140370125017,5.74733205997065,True,,551312.8030848134,4269134.812771611,551313.1861661565,4269134.320336984,42.13277169410139,56.31027692754287
pacific-union-college,CALNU_0039_20250810_1,CALNU_0039_20250810_1,20250810,2025-08-10,23,2.23916538345393,5.75081388820024,0.421,0.216,0.2622116233420989,observed,374,True,1.0,,1.0,uniform,/home/jovyan/work/Dry-shRub/shrub/Final/artifacts/labeling/pacific-union-college/sprint3/revised/CALNU_0039_20250810_1/Shrubs/CALNU_0039_20250810_1.csv,sprint3_revised,revised,base,/home/jovyan/work/Dry-shRub/shrub/Final/artifacts/labeling/pacific-union-college/sprint3/revised/CALNU_0039_20250810_1,/home/jovyan/work/Dry-shRub/shrub/Final/artifacts/labeling/pacific-union-college/sprint3/revised/CALNU_0039_20250810_1/metrics/CALNU_0039_20250810_1_metrics.csv,/home/jovyan/work/Dry-shRub/shrub/Final/artifacts/labeling/pacific-union-college/sprint3/revised/CALNU_0039_20250810_1/Inventory/CALNU_0039_20250810_1_inv.csv,/home/jovyan/work/Dry-shRub/shrub/Final/artifacts/labeling/pacific-union-college/sprint3/revised/CALNU_0039_20250810_1/Fuels/CALNU_0039_20250810_1.tif,/home/jovyan/work/Dry-shRub/shrub/Final/artifacts/labeling/pacific-union-college/sprint3/revised/CALNU_0039_20250810_1/dtm/CALNU_0039_20250810_1_dtm.tif,/home/jovyan/work/Dry-shRub/shrub/Final/artifacts/labeling/pacific-union-college/sprint3/revised/CALNU_0039_20250810_1/chm/CALNU_0039_20250810_1_chm.tif,/home/jovyan/work/Dry-shRub/shrub/Final/artifacts/labeling/ptx_cache/pacific-union-college/CALNU_0039_20250810_1.ptx,7,1.647524219154784,1.0,,2.23916538345393,5.75081388820024,2.23916538345393,5.75081388820024,True,,551314.7327467661,4269135.295066826,551315.1158298611,4269134.802647219,41.32892130129039,59.52638310182374
pacific-union-college,CALNU_0039_20250810_1,CALNU_0039_20250810_1,20250810,2025-08-10,26,-13.835104332659,4.67336274456822,0.791,0.213,0.2603843423809262,observed,131,True,1.0,,1.0,uniform,/home/jovyan/work/Dry-shRub/shrub/Final/artifacts/labeling/pacific-union-college/sprint3/revised/CALNU_0039_20250810_1/Shrubs/CALNU_0039_20250810_1.csv,sprint3_revised,revised,base,/home/jovyan/work/Dry-shRub/shrub/Final/artifacts/labeling/pacific-union-college/sprint3/revised/CALNU_0039_20250810_1,/home/jovyan/work/Dry-shRub/shrub/Final/artifacts/labeling/pacific-union-college/sprint3/revised/CALNU_0039_20250810_1/metrics/CALNU_0039_20250810_1_metrics.csv,/home/jovyan/work/Dry-shRub/shrub/Final/artifacts/labeling/pacific-union-college/sprint3/revised/CALNU_0039_20250810_1/Inventory/CALNU_0039_20250810_1_inv.csv,/home/jovyan/work/Dry-shRub/shrub/Final/artifacts/labeling/pacific-union-college/sprint3/revised/CALNU_0039_20250810_1/Fuels/CALNU_0039_20250810_1.tif,/home/jovyan/work/Dry-shRub/shrub/Final/artifacts/labeling/pacific-union-college/sprint3/revised/CALNU_0039_20250810_1/dtm/CALNU_0039_20250810_1_dtm.tif,/home/jovyan/work/Dry-shRub/shrub/Final/artifacts/labeling/pacific-union-college/sprint3/revised/CALNU_0039_20250810_1/chm/CALNU_0039_20250810_1_chm.tif,/home/jovyan/work/Dry-shRub/shrub/Final/artifacts/labeling/ptx_cache/pacific-union-college/CALNU_0039_20250810_1.ptx,8,1.6360430742674543,1.0,,-13.835104332659,4.67336274456822,-13.835104332659,4.67336274456822,True,,551299.3908619862,4269130.378968185,551299.7739241311,4269129.886425867,49.52262355480343,33.95654021832161
pacific-union-college,CALNU_0039_20250810_1,CALNU_0039_20250810_1,20250810,2025-08-10,42,-4.77459134180622,-0.763604024315103,0.895,0.217,0.2628178938007885,observed,937,True,1.0,,1.0,uniform,/home/jovyan/work/Dry-shRub/shrub/Final/artifacts/labeling/pacific-union-college/sprint3/revised/CALNU_0039_20250810_1/Shrubs/CALNU_0039_20250810_1.csv,sprint3_revised,revised,base,/home/jovyan/work/Dry-shRub/shrub/Final/artifacts/labeling/pacific-union-college/sprint3/revised/CALNU_0039_20250810_1,/home/jovyan/work/Dry-shRub/shrub/Final/artifacts/labeling/pacific-union-college/sprint3/revised/CALNU_0039_20250810_1/metrics/CALNU_0039_20250810_1_metrics.csv,/home/jovyan/work/Dry-shRub/shrub/Final/artifacts/labeling/pacific-union-college/sprint3/revised/CALNU_0039_20250810_1/Inventory/CALNU_0039_20250810_1_inv.csv,/home/jovyan/work/Dry-shRub/shrub/Final/artifacts/labeling/pacific-union-college/sprint3/revised/CALNU_0039_20250810_1/Fuels/CALNU_0039_20250810_1.tif,/home/jovyan/work/Dry-shRub/shrub/Final/artifacts/labeling/pacific-union-college/sprint3/revised/CALNU_0039_20250810_1/dtm/CALNU_0039_20250810_1_dtm.tif,/home/jovyan/work/Dry-shRub/shrub/Final/artifacts/labeling/pacific-union-college/sprint3/revised/CALNU_0039_20250810_1/chm/CALNU_0039_20250810_1_chm.tif,/home/jovyan/work/Dry-shRub/shrub/Final/artifacts/labeling/ptx_cache/pacific-union-college/CALNU_0039_20250810_1.ptx,9,1.6513335287929995,1.0,,-4.77459134180622,-0.763604024315103,-4.77459134180622,-0.763604024315103,True,,551309.4938404562,4269127.283557892,551309.8768761819,4269126.791076583,54.68153902795166,50.79479363642167
pacific-union-college,CALNU_0039_20250810_1,CALNU_0039_20250810_1,20250810,2025-08-10,43,-12.2708238088234,-1.2704848351358,1.654,2.057,0.8091745398120589,observed,1090,True,1.0,,1.0,uniform,/home/jovyan/work/Dry-shRub/shrub/Final/artifacts/labeling/pacific-union-college/sprint3/revised/CALNU_0039_20250810_1/Shrubs/CALNU_0039_20250810_1.csv,sprint3_revised,revised,base,/home/jovyan/work/Dry-shRub/shrub/Final/artifacts/labeling/pacific-union-college/sprint3/revised/CALNU_0039_20250810_1,/home/jovyan/work/Dry-shRub/shrub/Final/artifacts/labeling/pacific-union-college/sprint3/revised/CALNU_0039_20250810_1/metrics/CALNU_0039_20250810_1_metrics.csv,/home/jovyan/work/Dry-shRub/shrub/Final/artifacts/labeling/pacific-union-college/sprint3/revised/CALNU_0039_20250810_1/Inventory/CALNU_0039_20250810_1_inv.csv,/home/jovyan/work/Dry-shRub/shrub/Final/artifacts/labeling/pacific-union-college/sprint3/revised/CALNU_0039_20250810_1/Fuels/CALNU_0039_20250810_1.tif,/home/jovyan/work/Dry-shRub/shrub/Final/artifacts/labeling/pacific-union-college/sprint3/revised/CALNU_0039_20250810_1/dtm/CALNU_0039_20250810_1_dtm.tif,/home/jovyan/work/Dry-shRub/shrub/Final/artifacts/labeling/pacific-union-college/sprint3/revised/CALNU_0039_20250810_1/chm/CALNU_0039_20250810_1_chm.tif,/home/jovyan/work/Dry-shRub/shrub/Final/artifacts/labeling/ptx_cache/pacific-union-college/CALNU_0039_20250810_1.ptx,10,5.084193579490932,1.0000000000000002,,-12.2708238088234,-1.2704848351358,-12.2708238088234,-1.2704848351358,True,,551302.3402177609,4269124.986654394,551302.7232436591,4269124.494115835,58.50980694126338,38.872072765138
pacific-union-college,CALNU_0039_20250810_1,CALNU_0039_20250810_1,20250810,2025-08-10,49,-2.77440222976325,-4.2569007292042,1.078,1.635,0.7214129635032197,observed,2193,True,1.0,,1.0,uniform,/home/jovyan/work/Dry-shRub/shrub/Final/artifacts/labeling/pacific-union-college/sprint3/revised/CALNU_0039_20250810_1/Shrubs/CALNU_0039_20250810_1.csv,sprint3_revised,revised,base,/home/jovyan/work/Dry-shRub/shrub/Final/artifacts/labeling/pacific-union-college/sprint3/revised/CALNU_0039_20250810_1,/home/jovyan/work/Dry-shRub/shrub/Final/artifacts/labeling/pacific-union-college/sprint3/revised/CALNU_0039_20250810_1/metrics/CALNU_0039_20250810_1_metrics.csv,/home/jovyan/work/Dry-shRub/shrub/Final/artifacts/labeling/pacific-union-college/sprint3/revised/CALNU_0039_20250810_1/Inventory/CALNU_0039_20250810_1_inv.csv,/home/jovyan/work/Dry-shRub/shrub/Final/artifacts/labeling/pacific-union-college/sprint3/revised/CALNU_0039_20250810_1/Fuels/CALNU_0039_20250810_1.tif,/home/jovyan/work/Dry-shRub/shrub/Final/artifacts/labeling/pacific-union-college/sprint3/revised/CALNU_0039_20250810_1/dtm/CALNU_0039_20250810_1_dtm.tif,/home/jovyan/work/Dry-shRub/shrub/Final/artifacts/labeling/pacific-union-college/sprint3/revised/CALNU_0039_20250810_1/chm/CALNU_0039_20250810_1_chm.tif,/home/jovyan/work/Dry-shRub/shrub/Final/artifacts/labeling/ptx_cache/pacific-union-college/CALNU_0039_20250810_1.ptx,11,4.532771332692313,1.0,,-2.77440222976325,-4.2569007292042,-2.77440222976325,-4.2569007292042,True,,551312.2762586775,4269124.374649407,551312.6592740394,4269123.882178515,59.52970247436315,55.43212339899037
pacific-union-college,CALNU_0039_20250810_1,CALNU_0039_20250810_1,20250810,2025-08-10,51,-3.25471309225589,-5.25954236560861,1.03,1.612,0.7163208335154511,observed,1999,True,1.0,,1.0,uniform,/home/jovyan/work/Dry-shRub/shrub/Final/artifacts/labeling/pacific-union-college/sprint3/revised/CALNU_0039_20250810_1/Shrubs/CALNU_0039_20250810_1.csv,sprint3_revised,revised,base,/home/jovyan/work/Dry-shRub/shrub/Final/artifacts/labeling/pacific-union-college/sprint3/revised/CALNU_0039_20250810_1,/home/jovyan/work/Dry-shRub/shrub/Final/artifacts/labeling/pacific-union-college/sprint3/revised/CALNU_0039_20250810_1/metrics/CALNU_0039_20250810_1_metrics.csv,/home/jovyan/work/Dry-shRub/shrub/Final/artifacts/labeling/pacific-union-college/sprint3/revised/CALNU_0039_20250810_1/Inventory/CALNU_0039_20250810_1_inv.csv,/home/jovyan/work/Dry-shRub/shrub/Final/artifacts/labeling/pacific-union-college/sprint3/revised/CALNU_0039_20250810_1/Fuels/CALNU_0039_20250810_1.tif,/home/jovyan/work/Dry-shRub/shrub/Final/artifacts/labeling/pacific-union-college/sprint3/revised/CALNU_0039_20250810_1/dtm/CALNU_0039_20250810_1_dtm.tif,/home/jovyan/work/Dry-shRub/shrub/Final/artifacts/labeling/pacific-union-college/sprint3/revised/CALNU_0039_20250810_1/chm/CALNU_0039_20250810_1_chm.tif,/home/jovyan/work/Dry-shRub/shrub/Final/artifacts/labeling/ptx_cache/pacific-union-college/CALNU_0039_20250810_1.ptx,12,4.500776536370917,1.0000000000000002,,-3.25471309225589,-5.25954236560861,-3.25471309225589,-5.25954236560861,True,,551312.051486799,4269123.285859932,551312.4344953954,4269122.793384071,61.34435988031328,55.05749232554808
pacific-union-college,CALNU_0039_20250810_1,CALNU_0039_20250810_1,20250810,2025-08-10,52,-1.29282862715602,-5.74986063681059,0.668,0.196,0.2497773762613879,observed,233,True,1.0,,1.0,uniform,/home/jovyan/work/Dry-shRub/shrub/Final/artifacts/labeling/pacific-union-college/sprint3/revised/CALNU_0039_20250810_1/Shrubs/CALNU_0039_20250810_1.csv,sprint3_revised,revised,base,/home/jovyan/work/Dry-shRub/shrub/Final/artifacts/labeling/pacific-union-college/sprint3/revised/CALNU_0039_20250810_1,/home/jovyan/work/Dry-shRub/shrub/Final/artifacts/labeling/pacific-union-college/sprint3/revised/CALNU_0039_20250810_1/metrics/CALNU_0039_20250810_1_metrics.csv,/home/jovyan/work/Dry-shRub/shrub/Final/artifacts/labeling/pacific-union-college/sprint3/revised/CALNU_0039_20250810_1/Inventory/CALNU_0039_20250810_1_inv.csv,/home/jovyan/work/Dry-shRub/shrub/Final/artifacts/labeling/pacific-union-college/sprint3/revised/CALNU_0039_20250810_1/Fuels/CALNU_0039_20250810_1.tif,/home/jovyan/work/Dry-shRub/shrub/Final/artifacts/labeling/pacific-union-college/sprint3/revised/CALNU_0039_20250810_1/dtm/CALNU_0039_20250810_1_dtm.tif,/home/jovyan/work/Dry-shRub/shrub/Final/artifacts/labeling/pacific-union-college/sprint3/revised/CALNU_0039_20250810_1/chm/CALNU_0039_20250810_1_chm.tif,/home/jovyan/work/Dry-shRub/shrub/Final/artifacts/labeling/ptx_cache/pacific-union-college/CALNU_0039_20250810_1.ptx,13,1.56939754059142,1.0,,-1.29282862715602,-5.74986063681059,-1.29282862715602,-5.74986063681059,True,,551314.073699215,4269123.282349396,551314.4567064277,4269122.789887701,61.350187164731324,58.4278440461494
pacific-union-college,CALNU_0039_20250810_1,CALNU_0039_20250810_1,20250810,2025-08-10,55,-0.262203088717676,-7.76106646317434,0.35,0.228,0.2693968337785437,observed,251,True,1.0,,1.0,uniform,/home/jovyan/work/Dry-shRub/shrub/Final/artifacts/labeling/pacific-union-college/sprint3/revised/CALNU_0039_20250810_1/Shrubs/CALNU_0039_20250810_1.csv,sprint3_revised,revised,base,/home/jovyan/work/Dry-shRub/shrub/Final/artifacts/labeling/pacific-union-college/sprint3/revised/CALNU_0039_20250810_1,/home/jovyan/work/Dry-shRub/shrub/Final/artifacts/labeling/pacific-union-college/sprint3/revised/CALNU_0039_20250810_1/metrics/CALNU_0039_20250810_1_metrics.csv,/home/jovyan/work/Dry-shRub/shrub/Final/artifacts/labeling/pacific-union-college/sprint3/revised/CALNU_0039_20250810_1/Inventory/CALNU_0039_20250810_1_inv.csv,/home/jovyan/work/Dry-shRub/shrub/Final/artifacts/labeling/pacific-union-college/sprint3/revised/CALNU_0039_20250810_1/Fuels/CALNU_0039_20250810_1.tif,/home/jovyan/work/Dry-shRub/shrub/Final/artifacts/labeling/pacific-union-college/sprint3/revised/CALNU_0039_20250810_1/dtm/CALNU_0039_20250810_1_dtm.tif,/home/jovyan/work/Dry-shRub/shrub/Final/artifacts/labeling/pacific-union-college/sprint3/revised/CALNU_0039_20250810_1/chm/CALNU_0039_20250810_1_chm.tif,/home/jovyan/work/Dry-shRub/shrub/Final/artifacts/labeling/ptx_cache/pacific-union-college/CALNU_0039_20250810_1.ptx,14,1.6926702277980468,1.0,,-0.262203088717676,-7.76106646317434,-0.262203088717676,-7.76106646317434,True,,551315.5582385702,4269121.5784730585,551315.9412339589,4269121.086016464,64.18997255992144,60.90205659810454
pacific-union-college,CALNU_0039_20250810_1,CALNU_0039_20250810_1,20250810,2025-08-10,57,6.06186315125661,-8.8136826247189,1.329,0.778,0.497639519583191,observed,236,True,1.0,,1.0,uniform,/home/jovyan/work/Dry-shRub/shrub/Final/artifacts/labeling/pacific-union-college/sprint3/revised/CALNU_0039_20250810_1/Shrubs/CALNU_0039_20250810_1.csv,sprint3_revised,revised,base,/home/jovyan/work/Dry-shRub/shrub/Final/artifacts/labeling/pacific-union-college/sprint3/revised/CALNU_0039_20250810_1,/home/jovyan/work/Dry-shRub/shrub/Final/artifacts/labeling/pacific-union-college/sprint3/revised/CALNU_0039_20250810_1/metrics/CALNU_0039_20250810_1_metrics.csv,/home/jovyan/work/Dry-shRub/shrub/Final/artifacts/labeling/pacific-union-college/sprint3/revised/CALNU_0039_20250810_1/Inventory/CALNU_0039_20250810_1_inv.csv,/home/jovyan/work/Dry-shRub/shrub/Final/artifacts/labeling/pacific-union-college/sprint3/revised/CALNU_0039_20250810_1/Fuels/CALNU_0039_20250810_1.tif,/home/jovyan/work/Dry-shRub/shrub/Final/artifacts/labeling/pacific-union-college/sprint3/revised/CALNU_0039_20250810_1/dtm/CALNU_0039_20250810_1_dtm.tif,/home/jovyan/work/Dry-shRub/shrub/Final/artifacts/labeling/pacific-union-college/sprint3/revised/CALNU_0039_20250810_1/chm/CALNU_0039_20250810_1_chm.tif,/home/jovyan/work/Dry-shRub/shrub/Final/artifacts/labeling/ptx_cache/pacific-union-college/CALNU_0039_20250810_1.ptx,15,3.1267613177170137,1.0,,6.06186315125661,-8.8136826247189,6.06186315125661,-8.8136826247189,True,,551321.9496653244,4269122.079531889,551322.3326595359,4269121.5871217055,63.35479715745896,71.55443255975842
pacific-union-college,CALNU_0039_20250810_1,CALNU_0039_20250810_1,20250810,2025-08-10,58,-4.92707814955867,-9.71201413817112,1.259,0.765,0.4934643481859656,observed,177,True,1.0,,1.0,uniform,/home/jovyan/work/Dry-shRub/shrub/Final/artifacts/labeling/pacific-union-college/sprint3/revised/CALNU_0039_20250810_1/Shrubs/CALNU_0039_20250810_1.csv,sprint3_revised,revised,base,/home/jovyan/work/Dry-shRub/shrub/Final/artifacts/labeling/pacific-union-college/sprint3/revised/CALNU_0039_20250810_1,/home/jovyan/work/Dry-shRub/shrub/Final/artifacts/labeling/pacific-union-college/sprint3/revised/CALNU_0039_20250810_1/metrics/CALNU_0039_20250810_1_metrics.csv,/home/jovyan/work/Dry-shRub/shrub/Final/artifacts/labeling/pacific-union-college/sprint3/revised/CALNU_0039_20250810_1/Inventory/CALNU_0039_20250810_1_inv.csv,/home/jovyan/work/Dry-shRub/shrub/Final/artifacts/labeling/pacific-union-college/sprint3/revised/CALNU_0039_20250810_1/Fuels/CALNU_0039_20250810_1.tif,/home/jovyan/work/Dry-shRub/shrub/Final/artifacts/labeling/pacific-union-college/sprint3/revised/CALNU_0039_20250810_1/dtm/CALNU_0039_20250810_1_dtm.tif,/home/jovyan/work/Dry-shRub/shrub/Final/artifacts/labeling/pacific-union-college/sprint3/revised/CALNU_0039_20250810_1/chm/CALNU_0039_20250810_1_chm.tif,/home/jovyan/work/Dry-shRub/shrub/Final/artifacts/labeling/ptx_cache/pacific-union-college/CALNU_0039_20250810_1.ptx,16,3.1005279421390104,1.0000000000000002,,-4.92707814955867,-9.71201413817112,-4.92707814955867,-9.71201413817112,True,,551311.5003524068,4269118.561723851,551311.8833313677,4269118.069229402,69.21795099694282,54.13888561283238
pacific-union-college,CALNU_0039_20250810_1,CALNU_0039_20250810_1,20250810,2025-08-10,59,1.6719382960644,-10.7313294535828,1.117,1.419,0.672072710720201,observed,343,True,1.0,,1.0,uniform,/home/jovyan/work/Dry-shRub/shrub/Final/artifacts/labeling/pacific-union-college/sprint3/revised/CALNU_0039_20250810_1/Shrubs/CALNU_0039_20250810_1.csv,sprint3_revised,revised,base,/home/jovyan/work/Dry-shRub/shrub/Final/artifacts/labeling/pacific-union-college/sprint3/revised/CALNU_0039_20250810_1,/home/jovyan/work/Dry-shRub/shrub/Final/artifacts/labeling/pacific-union-college/sprint3/revised/CALNU_0039_20250810_1/metrics/CALNU_0039_20250810_1_metrics.csv,/home/jovyan/work/Dry-shRub/shrub/Final/artifacts/labeling/pacific-union-college/sprint3/revised/CALNU_0039_20250810_1/Inventory/CALNU_0039_20250810_1_inv.csv,/home/jovyan/work/Dry-shRub/shrub/Final/artifacts/labeling/pacific-union-college/sprint3/revised/CALNU_0039_20250810_1/Fuels/CALNU_0039_20250810_1.tif,/home/jovyan/work/Dry-shRub/shrub/Final/artifacts/labeling/pacific-union-college/sprint3/revised/CALNU_0039_20250810_1/dtm/CALNU_0039_20250810_1_dtm.tif,/home/jovyan/work/Dry-shRub/shrub/Final/artifacts/labeling/pacific-union-college/sprint3/revised/CALNU_0039_20250810_1/chm/CALNU_0039_20250810_1_chm.tif,/home/jovyan/work/Dry-shRub/shrub/Final/artifacts/labeling/ptx_cache/pacific-union-college/CALNU_0039_20250810_1.ptx,17,4.222757381353524,0.9999999999999998,,1.6719382960644,-10.7313294535828,1.6719382960644,-10.7313294535828,True,,551318.1506214207,4269119.161305995,551318.5335996986,4269118.668860065,68.2185665583238,65.22266616416164
sedgwick,CASBC_0087_20250712_1,CASBC_0087_20250712_1,20250712,2025-07-12,1,-3.74339943580436,11.5521167214166,2.878,5.863,1.36610792498088,observed,1249,True,1.0,,0.0,uniform,/home/jovyan/work/Dry-shRub/shrub/Final/artifacts/labeling/sedgwick/sprint3/original/CASBC_0087_20250712_1/Shrubs/CASBC_0087_20250712_1.csv,sprint3_original,original,base,/home/jovyan/work/Dry-shRub/shrub/Final/artifacts/labeling/sedgwick/sprint3/original/CASBC_0087_20250712_1,/home/jovyan/work/Dry-shRub/shrub/Final/artifacts/labeling/sedgwick/sprint3/original/CASBC_0087_20250712_1/metrics/CASBC_0087_20250712_1_metrics.csv,/home/jovyan/work/Dry-shRub/shrub/Final/artifacts/labeling/sedgwick/sprint3/original/CASBC_0087_20250712_1/Inventory/CASBC_0087_20250712_1_inv.csv,/home/jovyan/work/Dry-shRub/shrub/Final/artifacts/labeling/sedgwick/sprint3/original/CASBC_0087_20250712_1/Fuels/CASBC_0087_20250712_1.tif,/home/jovyan/work/Dry-shRub/shrub/Final/artifacts/labeling/sedgwick/sprint3/original/CASBC_0087_20250712_1/dtm/CASBC_0087_20250712_1_dtm.tif,/home/jovyan/work/Dry-shRub/shrub/Final/artifacts/labeling/sedgwick/sprint3/original/CASBC_0087_20250712_1/chm/CASBC_0087_20250712_1_chm.tif,/home/jovyan/work/Dry-shRub/shrub/Final/artifacts/labeling/ptx_cache/sedgwick/CASBC_0087_20250712_1.ptx,1,8.583509242261457,0.9999999999999998,,-3.74339943580436,11.5521167214166,-3.74339943580436,11.5521167214166,True,,-2162990.04084142,1566205.917290865,770015.7120715413,3841515.8532981756,36.57783637475222,72.52011923561804
sedgwick,CASBC_0087_20250712_1,CASBC_0087_20250712_1,20250712,2025-07-12,2,-1.99852215617849,10.6750714443607,2.998,8.065,1.6022388186760024,observed,3856,True,1.0,,0.0,uniform,/home/jovyan/work/Dry-shRub/shrub/Final/artifacts/labeling/sedgwick/sprint3/original/CASBC_0087_20250712_1/Shrubs/CASBC_0087_20250712_1.csv,sprint3_original,original,base,/home/jovyan/work/Dry-shRub/shrub/Final/artifacts/labeling/sedgwick/sprint3/original/CASBC_0087_20250712_1,/home/jovyan/work/Dry-shRub/shrub/Final/artifacts/labeling/sedgwick/sprint3/original/CASBC_0087_20250712_1/metrics/CASBC_0087_20250712_1_metrics.csv,/home/jovyan/work/Dry-shRub/shrub/Final/artifacts/labeling/sedgwick/sprint3/original/CASBC_0087_20250712_1/Inventory/CASBC_0087_20250712_1_inv.csv,/home/jovyan/work/Dry-shRub/shrub/Final/artifacts/labeling/sedgwick/sprint3/original/CASBC_0087_20250712_1/Fuels/CASBC_0087_20250712_1.tif,/home/jovyan/work/Dry-shRub/shrub/Final/artifacts/labeling/sedgwick/sprint3/original/CASBC_0087_20250712_1/dtm/CASBC_0087_20250712_1_dtm.tif,/home/jovyan/work/Dry-shRub/shrub/Final/artifacts/labeling/sedgwick/sprint3/original/CASBC_0087_20250712_1/chm/CASBC_0087_20250712_1_chm.tif,/home/jovyan/work/Dry-shRub/shrub/Final/artifacts/labeling/ptx_cache/sedgwick/CASBC_0087_20250712_1.ptx,2,10.067163404097837,1.0000000000000002,,-1.99852215617849,10.6750714443607,-1.99852215617849,10.6750714443607,True,,-2162991.3717153133,1566204.4881027369,770014.8236383018,3841514.12280127,39.46199788432568,71.03939716983587
sedgwick,CASBC_0087_20250712_1,CASBC_0087_20250712_1,20250712,2025-07-12,3,0.605985031627748,10.9477481109062,2.999,6.693,1.4596054495061708,observed,3099,True,1.0,,0.0,uniform,/home/jovyan/work/Dry-shRub/shrub/Final/artifacts/labeling/sedgwick/sprint3/original/CASBC_0087_20250712_1/Shrubs/CASBC_0087_20250712_1.csv,sprint3_original,original,base,/home/jovyan/work/Dry-shRub/shrub/Final/artifacts/labeling/sedgwick/sprint3/original/CASBC_0087_20250712_1,/home/jovyan/work/Dry-shRub/shrub/Final/artifacts/labeling/sedgwick/sprint3/original/CASBC_0087_20250712_1/metrics/CASBC_0087_20250712_1_metrics.csv,/home/jovyan/work/Dry-shRub/shrub/Final/artifacts/labeling/sedgwick/sprint3/original/CASBC_0087_20250712_1/Inventory/CASBC_0087_20250712_1_inv.csv,/home/jovyan/work/Dry-shRub/shrub/Final/artifacts/labeling/sedgwick/sprint3/original/CASBC_0087_20250712_1/Fuels/CASBC_0087_20250712_1.tif,/home/jovyan/work/Dry-shRub/shrub/Final/artifacts/labeling/sedgwick/sprint3/original/CASBC_0087_20250712_1/dtm/CASBC_0087_20250712_1_dtm.tif,/home/jovyan/work/Dry-shRub/shrub/Final/artifacts/labeling/sedgwick/sprint3/original/CASBC_0087_20250712_1/chm/CASBC_0087_20250712_1_chm.tif,/home/jovyan/work/Dry-shRub/shrub/Final/artifacts/labeling/ptx_cache/sedgwick/CASBC_0087_20250712_1.ptx,3,9.170971514616427,1.0,,0.605985031627748,10.9477481109062,0.605985031627748,10.9477481109062,True,,-2162991.839834892,1566201.9115484203,770015.0930943028,3841511.537938585,43.770102359354496,71.48849050467834
sedgwick,CASBC_0087_20250712_1,CASBC_0087_20250712_1,20250712,2025-07-12,4,2.59185864901765,10.1561241525942,2.997,7.687,1.5642404211293095,observed,2553,True,1.0,,0.0,uniform,/home/jovyan/work/Dry-shRub/shrub/Final/artifacts/labeling/sedgwick/sprint3/original/CASBC_0087_20250712_1/Shrubs/CASBC_0087_20250712_1.csv,sprint3_original,original,base,/home/jovyan/work/Dry-shRub/shrub/Final/artifacts/labeling/sedgwick/sprint3/original/CASBC_0087_20250712_1,/home/jovyan/work/Dry-shRub/shrub/Final/artifacts/labeling/sedgwick/sprint3/original/CASBC_0087_20250712_1/metrics/CASBC_0087_20250712_1_metrics.csv,/home/jovyan/work/Dry-shRub/shrub/Final/artifacts/labeling/sedgwick/sprint3/original/CASBC_0087_20250712_1/Inventory/CASBC_0087_20250712_1_inv.csv,/home/jovyan/work/Dry-shRub/shrub/Final/artifacts/labeling/sedgwick/sprint3/original/CASBC_0087_20250712_1/Fuels/CASBC_0087_20250712_1.tif,/home/jovyan/work/Dry-shRub/shrub/Final/artifacts/labeling/sedgwick/sprint3/original/CASBC_0087_20250712_1/dtm/CASBC_0087_20250712_1_dtm.tif,/home/jovyan/work/Dry-shRub/shrub/Final/artifacts/labeling/sedgwick/sprint3/original/CASBC_0087_20250712_1/chm/CASBC_0087_20250712_1_chm.tif,/home/jovyan/work/Dry-shRub/shrub/Final/artifacts/labeling/ptx_cache/sedgwick/CASBC_0087_20250712_1.ptx,4,9.828412430936083,1.0,,2.59185864901765,10.1561241525942,2.59185864901765,10.1561241525942,True,,-2162993.156245607,1566200.2270835221,770014.2903086287,3841509.568193747,47.053010421805084,70.15051438123919
sedgwick,CASBC_0087_20250712_1,CASBC_0087_20250712_1,20250712,2025-07-12,5,-5.25234079698495,7.41428869129349,2.999,8.876,1.680868391566492,observed,5686,True,1.0,,0.0,uniform,/home/jovyan/work/Dry-shRub/shrub/Final/artifacts/labeling/sedgwick/sprint3/original/CASBC_0087_20250712_1/Shrubs/CASBC_0087_20250712_1.csv,sprint3_original,original,base,/home/jovyan/work/Dry-shRub/shrub/Final/artifacts/labeling/sedgwick/sprint3/original/CASBC_0087_20250712_1,/home/jovyan/work/Dry-shRub/shrub/Final/artifacts/labeling/sedgwick/sprint3/original/CASBC_0087_20250712_1/metrics/CASBC_0087_20250712_1_metrics.csv,/home/jovyan/work/Dry-shRub/shrub/Final/artifacts/labeling/sedgwick/sprint3/original/CASBC_0087_20250712_1/Inventory/CASBC_0087_20250712_1_inv.csv,/home/jovyan/work/Dry-shRub/shrub/Final/artifacts/labeling/sedgwick/sprint3/original/CASBC_0087_20250712_1/Fuels/CASBC_0087_20250712_1.tif,/home/jovyan/work/Dry-shRub/shrub/Final/artifacts/labeling/sedgwick/sprint3/original/CASBC_0087_20250712_1/dtm/CASBC_0087_20250712_1_dtm.tif,/home/jovyan/work/Dry-shRub/shrub/Final/artifacts/labeling/sedgwick/sprint3/original/CASBC_0087_20250712_1/chm/CASBC_0087_20250712_1_chm.tif,/home/jovyan/work/Dry-shRub/shrub/Final/artifacts/labeling/ptx_cache/sedgwick/CASBC_0087_20250712_1.ptx,5,10.561207581193166,1.0000000000000002,,-5.25234079698495,7.41428869129349,-5.25234079698495,7.41428869129349,True,,-2162993.5900063086,1566208.525295599,770011.5414443975,3841517.3554384974,34.07426917180419,65.56907399604097
sedgwick,CASBC_0087_20250712_1,CASBC_0087_20250712_1,20250712,2025-07-12,6,2.23681186005841,6.76600415573037,2.999,9.965,1.780999162218072,observed,10121,True,1.0,,0.0,uniform,/home/jovyan/work/Dry-shRub/shrub/Final/artifacts/labeling/sedgwick/sprint3/original/CASBC_0087_20250712_1/Shrubs/CASBC_0087_20250712_1.csv,sprint3_original,original,base,/home/jovyan/work/Dry-shRub/shrub/Final/artifacts/labeling/sedgwick/sprint3/original/CASBC_0087_20250712_1,/home/jovyan/work/Dry-shRub/shrub/Final/artifacts/labeling/sedgwick/sprint3/original/CASBC_0087_20250712_1/metrics/CASBC_0087_20250712_1_metrics.csv,/home/jovyan/work/Dry-shRub/shrub/Final/artifacts/labeling/sedgwick/sprint3/original/CASBC_0087_20250712_1/Inventory/CASBC_0087_20250712_1_inv.csv,/home/jovyan/work/Dry-shRub/shrub/Final/artifacts/labeling/sedgwick/sprint3/original/CASBC_0087_20250712_1/Fuels/CASBC_0087_20250712_1.tif,/home/jovyan/work/Dry-shRub/shrub/Final/artifacts/labeling/sedgwick/sprint3/original/CASBC_0087_20250712_1/dtm/CASBC_0087_20250712_1_dtm.tif,/home/jovyan/work/Dry-shRub/shrub/Final/artifacts/labeling/sedgwick/sprint3/original/CASBC_0087_20250712_1/chm/CASBC_0087_20250712_1_chm.tif,/home/jovyan/work/Dry-shRub/shrub/Final/artifacts/labeling/ptx_cache/sedgwick/CASBC_0087_20250712_1.ptx,6,11.190347768147742,1.0,,2.23681186005841,6.76600415573037,2.23681186005841,6.76600415573037,True,,-2162996.311023713,1566201.5179035407,770010.8714233022,3841509.924421479,46.459297535941005,64.45237217051908
sedgwick,CASBC_0087_20250712_1,CASBC_0087_20250712_1,20250712,2025-07-12,7,-1.25910105167225,5.24651164172803,2.999,9.858,1.7714115439388467,observed,34820,True,1.0,,0.0,uniform,/home/jovyan/work/Dry-shRub/shrub/Final/artifacts/labeling/sedgwick/sprint3/original/CASBC_0087_20250712_1/Shrubs/CASBC_0087_20250712_1.csv,sprint3_original,original,base,/home/jovyan/work/Dry-shRub/shrub/Final/artifacts/labeling/sedgwick/sprint3/original/CASBC_0087_20250712_1,/home/jovyan/work/Dry-shRub/shrub/Final/artifacts/labeling/sedgwick/sprint3/original/CASBC_0087_20250712_1/metrics/CASBC_0087_20250712_1_metrics.csv,/home/jovyan/work/Dry-shRub/shrub/Final/artifacts/labeling/sedgwick/sprint3/original/CASBC_0087_20250712_1/Inventory/CASBC_0087_20250712_1_inv.csv,/home/jovyan/work/Dry-shRub/shrub/Final/artifacts/labeling/sedgwick/sprint3/original/CASBC_0087_20250712_1/Fuels/CASBC_0087_20250712_1.tif,/home/jovyan/work/Dry-shRub/shrub/Final/artifacts/labeling/sedgwick/sprint3/original/CASBC_0087_20250712_1/dtm/CASBC_0087_20250712_1_dtm.tif,/home/jovyan/work/Dry-shRub/shrub/Final/artifacts/labeling/sedgwick/sprint3/original/CASBC_0087_20250712_1/chm/CASBC_0087_20250712_1_chm.tif,/home/jovyan/work/Dry-shRub/shrub/Final/artifacts/labeling/ptx_cache/sedgwick/CASBC_0087_20250712_1.ptx,7,11.130106985844868,1.0,,-1.25910105167225,5.24651164172803,-1.25910105167225,5.24651164172803,True,,-2162996.789957047,1566205.2995348347,770009.3462066678,3841513.395293898,40.67451017070562,61.910344446543604
sedgwick,CASBC_0087_20250712_1,CASBC_0087_20250712_1,20250712,2025-07-12,8,-5.24357831971469,4.60246787477304,2.999,8.995,1.6920985273391136,observed,8725,True,1.0,,0.0,uniform,/home/jovyan/work/Dry-shRub/shrub/Final/artifacts/labeling/sedgwick/sprint3/original/CASBC_0087_20250712_1/Shrubs/CASBC_0087_20250712_1.csv,sprint3_original,original,base,/home/jovyan/work/Dry-shRub/shrub/Final/artifacts/labeling/sedgwick/sprint3/original/CASBC_0087_20250712_1,/home/jovyan/work/Dry-shRub/shrub/Final/artifacts/labeling/sedgwick/sprint3/original/CASBC_0087_20250712_1/metrics/CASBC_0087_20250712_1_metrics.csv,/home/jovyan/work/Dry-shRub/shrub/Final/artifacts/labeling/sedgwick/sprint3/original/CASBC_0087_20250712_1/Inventory/CASBC_0087_20250712_1_inv.csv,/home/jovyan/work/Dry-shRub/shrub/Final/artifacts/labeling/sedgwick/sprint3/original/CASBC_0087_20250712_1/Fuels/CASBC_0087_20250712_1.tif,/home/jovyan/work/Dry-shRub/shrub/Final/artifacts/labeling/sedgwick/sprint3/original/CASBC_0087_20250712_1/dtm/CASBC_0087_20250712_1_dtm.tif,/home/jovyan/work/Dry-shRub/shrub/Final/artifacts/labeling/sedgwick/sprint3/original/CASBC_0087_20250712_1/chm/CASBC_0087_20250712_1_chm.tif,/home/jovyan/work/Dry-shRub/shrub/Final/artifacts/labeling/ptx_cache/sedgwick/CASBC_0087_20250712_1.ptx,8,10.631768605277337,1.0,,-5.24357831971469,4.60246787477304,-5.24357831971469,4.60246787477304,True,,-2162996.2916098265,1566209.3048298522,770008.705113506,3841517.3499790966,34.083368172869086,60.841855843318626
sedgwick,CASBC_0087_20250712_1,CASBC_0087_20250712_1,20250712,2025-07-12,9,6.21973075596561,4.25842928365216,2.998,9.822,1.7681741153226942,observed,5456,True,1.0,,0.0,uniform,/home/jovyan/work/Dry-shRub/shrub/Final/artifacts/labeling/sedgwick/sprint3/original/CASBC_0087_20250712_1/Shrubs/CASBC_0087_20250712_1.csv,sprint3_original,original,base,/home/jovyan/work/Dry-shRub/shrub/Final/artifacts/labeling/sedgwick/sprint3/original/CASBC_0087_20250712_1,/home/jovyan/work/Dry-shRub/shrub/Final/artifacts/labeling/sedgwick/sprint3/original/CASBC_0087_20250712_1/metrics/CASBC_0087_20250712_1_metrics.csv,/home/jovyan/work/Dry-shRub/shrub/Final/artifacts/labeling/sedgwick/sprint3/original/CASBC_0087_20250712_1/Inventory/CASBC_0087_20250712_1_inv.csv,/home/jovyan/work/Dry-shRub/shrub/Final/artifacts/labeling/sedgwick/sprint3/original/CASBC_0087_20250712_1/Fuels/CASBC_0087_20250712_1.tif,/home/jovyan/work/Dry-shRub/shrub/Final/artifacts/labeling/sedgwick/sprint3/original/CASBC_0087_20250712_1/dtm/CASBC_0087_20250712_1_dtm.tif,/home/jovyan/work/Dry-shRub/shrub/Final/artifacts/labeling/sedgwick/sprint3/original/CASBC_0087_20250712_1/chm/CASBC_0087_20250712_1_chm.tif,/home/jovyan/work/Dry-shRub/shrub/Final/artifacts/labeling/ptx_cache/sedgwick/CASBC_0087_20250712_1.ptx,9,11.109765621930814,1.0000000000000002,,6.21973075596561,4.25842928365216,6.21973075596561,4.25842928365216,True,,-2162999.8342639455,1566198.3972702865,770008.3334502617,3841505.9749095743,53.04181737732142,60.222417102893814
sedgwick,CASBC_0087_20250712_1,CASBC_0087_20250712_1,20250712,2025-07-12,10,11.4166705964291,3.63194377332167,2.889,7.554,1.550649180257209,observed,2009,True,1.0,,1.0,uniform,/home/jovyan/work/Dry-shRub/shrub/Final/artifacts/labeling/sedgwick/sprint3/original/CASBC_0087_20250712_1/Shrubs/CASBC_0087_20250712_1.csv,sprint3_original,original,base,/home/jovyan/work/Dry-shRub/shrub/Final/artifacts/labeling/sedgwick/sprint3/original/CASBC_0087_20250712_1,/home/jovyan/work/Dry-shRub/shrub/Final/artifacts/labeling/sedgwick/sprint3/original/CASBC_0087_20250712_1/metrics/CASBC_0087_20250712_1_metrics.csv,/home/jovyan/work/Dry-shRub/shrub/Final/artifacts/labeling/sedgwick/sprint3/original/CASBC_0087_20250712_1/Inventory/CASBC_0087_20250712_1_inv.csv,/home/jovyan/work/Dry-shRub/shrub/Final/artifacts/labeling/sedgwick/sprint3/original/CASBC_0087_20250712_1/Fuels/CASBC_0087_20250712_1.tif,/home/jovyan/work/Dry-shRub/shrub/Final/artifacts/labeling/sedgwick/sprint3/original/CASBC_0087_20250712_1/dtm/CASBC_0087_20250712_1_dtm.tif,/home/jovyan/work/Dry-shRub/shrub/Final/artifacts/labeling/sedgwick/sprint3/original/CASBC_0087_20250712_1/chm/CASBC_0087_20250712_1_chm.tif,/home/jovyan/work/Dry-shRub/shrub/Final/artifacts/labeling/ptx_cache/sedgwick/CASBC_0087_20250712_1.ptx,10,9.743016145982168,1.0,,11.4166705964291,3.63194377332167,11.4166705964291,3.63194377332167,True,,-2163001.8920013523,1566193.5841321975,770007.6903426021,3841500.8185146884,61.635808853432536,59.15057100355625
sedgwick,CASBC_0087_20250712_1,CASBC_0087_20250712_1,20250712,2025-07-12,11,11.7480951157254,0.765156452058461,2.999,9.449,1.7342750977139232,observed,3693,True,1.0,,1.0,uniform,/home/jovyan/work/Dry-shRub/shrub/Final/artifacts/labeling/sedgwick/sprint3/original/CASBC_0087_20250712_1/Shrubs/CASBC_0087_20250712_1.csv,sprint3_original,original,base,/home/jovyan/work/Dry-shRub/shrub/Final/artifacts/labeling/sedgwick/sprint3/original/CASBC_0087_20250712_1,/home/jovyan/work/Dry-shRub/shrub/Final/artifacts/labeling/sedgwick/sprint3/original/CASBC_0087_20250712_1/metrics/CASBC_0087_20250712_1_metrics.csv,/home/jovyan/work/Dry-shRub/shrub/Final/artifacts/labeling/sedgwick/sprint3/original/CASBC_0087_20250712_1/Inventory/CASBC_0087_20250712_1_inv.csv,/home/jovyan/work/Dry-shRub/shrub/Final/artifacts/labeling/sedgwick/sprint3/original/CASBC_0087_20250712_1/Fuels/CASBC_0087_20250712_1.tif,/home/jovyan/work/Dry-shRub/shrub/Final/artifacts/labeling/sedgwick/sprint3/original/CASBC_0087_20250712_1/dtm/CASBC_0087_20250712_1_dtm.tif,/home/jovyan/work/Dry-shRub/shrub/Final/artifacts/labeling/sedgwick/sprint3/original/CASBC_0087_20250712_1/chm/CASBC_0087_20250712_1_chm.tif,/home/jovyan/work/Dry-shRub/shrub/Final/artifacts/labeling/ptx_cache/sedgwick/CASBC_0087_20250712_1.ptx,11,10.896771812563564,1.0,,11.7480951157254,0.765156452058461,11.7480951157254,0.765156452058461,True,,-2163004.7367894715,1566194.0693366989,770004.7978736687,3841500.4929293077,62.17845115438104,54.32978944783099
sedgwick,CASBC_0087_20250712_1,CASBC_0087_20250712_1,20250712,2025-07-12,12,5.65432749003633,0.290517773947898,2.999,9.525,1.7412356721307447,observed,34662,True,1.0,,1.0,uniform,/home/jovyan/work/Dry-shRub/shrub/Final/artifacts/labeling/sedgwick/sprint3/original/CASBC_0087_20250712_1/Shrubs/CASBC_0087_20250712_1.csv,sprint3_original,original,base,/home/jovyan/work/Dry-shRub/shrub/Final/artifacts/labeling/sedgwick/sprint3/original/CASBC_0087_20250712_1,/home/jovyan/work/Dry-shRub/shrub/Final/artifacts/labeling/sedgwick/sprint3/original/CASBC_0087_20250712_1/metrics/CASBC_0087_20250712_1_metrics.csv,/home/jovyan/work/Dry-shRub/shrub/Final/artifacts/labeling/sedgwick/sprint3/original/CASBC_0087_20250712_1/Inventory/CASBC_0087_20250712_1_inv.csv,/home/jovyan/work/Dry-shRub/shrub/Final/artifacts/labeling/sedgwick/sprint3/original/CASBC_0087_20250712_1/Fuels/CASBC_0087_20250712_1.tif,/home/jovyan/work/Dry-shRub/shrub/Final/artifacts/labeling/sedgwick/sprint3/original/CASBC_0087_20250712_1/dtm/CASBC_0087_20250712_1_dtm.tif,/home/jovyan/work/Dry-shRub/shrub/Final/artifacts/labeling/sedgwick/sprint3/original/CASBC_0087_20250712_1/chm/CASBC_0087_20250712_1_chm.tif,/home/jovyan/work/Dry-shRub/shrub/Final/artifacts/labeling/ptx_cache/sedgwick/CASBC_0087_20250712_1.ptx,12,10.940506391468867,1.0,,5.65432749003633,0.290517773947898,5.65432749003633,0.290517773947898,True,,-2163003.484731905,1566200.0519299544,770004.332193023,3841506.5405467767,52.099088706076145,53.55365503835492
sedgwick,CASBC_0087_20250712_1,CASBC_0087_20250712_1,20250712,2025-07-12,13,-2.92692484060646,-0.0723493234492321,2.999,8.218,1.6173653405023838,observed,199421,True,1.0,,1.0,uniform,/home/jovyan/work/Dry-shRub/shrub/Final/artifacts/labeling/sedgwick/sprint3/original/CASBC_0087_20250712_1/Shrubs/CASBC_0087_20250712_1.csv,sprint3_original,original,base,/home/jovyan/work/Dry-shRub/shrub/Final/artifacts/labeling/sedgwick/sprint3/original/CASBC_0087_20250712_1,/home/jovyan/work/Dry-shRub/shrub/Final/artifacts/labeling/sedgwick/sprint3/original/CASBC_0087_20250712_1/metrics/CASBC_0087_20250712_1_metrics.csv,/home/jovyan/work/Dry-shRub/shrub/Final/artifacts/labeling/sedgwick/sprint3/original/CASBC_0087_20250712_1/Inventory/CASBC_0087_20250712_1_inv.csv,/home/jovyan/work/Dry-shRub/shrub/Final/artifacts/labeling/sedgwick/sprint3/original/CASBC_0087_20250712_1/Fuels/CASBC_0087_20250712_1.tif,/home/jovyan/work/Dry-shRub/shrub/Final/artifacts/labeling/sedgwick/sprint3/original/CASBC_0087_20250712_1/dtm/CASBC_0087_20250712_1_dtm.tif,/home/jovyan/work/Dry-shRub/shrub/Final/artifacts/labeling/sedgwick/sprint3/original/CASBC_0087_20250712_1/chm/CASBC_0087_20250712_1_chm.tif,/home/jovyan/work/Dry-shRub/shrub/Final/artifacts/labeling/ptx_cache/sedgwick/CASBC_0087_20250712_1.ptx,13,10.162206143786086,1.0,,-2.92692484060646,-0.0723493234492321,-2.92692484060646,-0.0723493234492321,True,,-2163001.428305391,1566208.3910117596,770003.9846012725,3841515.056458197,37.905903005972505,52.97433545417152
sedgwick,CASBC_0087_20250712_1,CASBC_0087_20250712_1,20250712,2025-07-12,14,-0.413283559241145,-0.225837509975008,2.999,7.451,1.5400412208624237,observed,448638,True,1.0,,1.0,uniform,/home/jovyan/work/Dry-shRub/shrub/Final/artifacts/labeling/sedgwick/sprint3/original/CASBC_0087_20250712_1/Shrubs/CASBC_0087_20250712_1.csv,sprint3_original,original,base,/home/jovyan/work/Dry-shRub/shrub/Final/artifacts/labeling/sedgwick/sprint3/original/CASBC_0087_20250712_1,/home/jovyan/work/Dry-shRub/shrub/Final/artifacts/labeling/sedgwick/sprint3/original/CASBC_0087_20250712_1/metrics/CASBC_0087_20250712_1_metrics.csv,/home/jovyan/work/Dry-shRub/shrub/Final/artifacts/labeling/sedgwick/sprint3/original/CASBC_0087_20250712_1/Inventory/CASBC_0087_20250712_1_inv.csv,/home/jovyan/work/Dry-shRub/shrub/Final/artifacts/labeling/sedgwick/sprint3/original/CASBC_0087_20250712_1/Fuels/CASBC_0087_20250712_1.tif,/home/jovyan/work/Dry-shRub/shrub/Final/artifacts/labeling/sedgwick/sprint3/original/CASBC_0087_20250712_1/dtm/CASBC_0087_20250712_1_dtm.tif,/home/jovyan/work/Dry-shRub/shrub/Final/artifacts/labeling/sedgwick/sprint3/original/CASBC_0087_20250712_1/chm/CASBC_0087_20250712_1_chm.tif,/home/jovyan/work/Dry-shRub/shrub/Final/artifacts/labeling/ptx_cache/sedgwick/CASBC_0087_20250712_1.ptx,14,9.676364371373692,1.0,,-0.413283559241145,-0.225837509975008,-0.413283559241145,-0.225837509975008,True,,-2163002.280049258,1566206.0211048236,770003.8243759515,3841512.5622557676,42.06290705502033,52.70729325269349
sedgwick,CASBC_0087_20250712_1,CASBC_0087_20250712_1,20250712,2025-07-12,15,7.93385587087742,-0.782873764408993,2.999,8.157,1.611351526390558,observed,10039,True,1.0,,1.0,uniform,/home/jovyan/work/Dry-shRub/shrub/Final/artifacts/labeling/sedgwick/sprint3/original/CASBC_0087_20250712_1/Shrubs/CASBC_0087_20250712_1.csv,sprint3_original,original,base,/home/jovyan/work/Dry-shRub/shrub/Final/artifacts/labeling/sedgwick/sprint3/original/CASBC_0087_20250712_1,/home/jovyan/work/Dry-shRub/shrub/Final/artifacts/labeling/sedgwick/sprint3/original/CASBC_0087_20250712_1/metrics/CASBC_0087_20250712_1_metrics.csv,/home/jovyan/work/Dry-shRub/shrub/Final/artifacts/labeling/sedgwick/sprint3/original/CASBC_0087_20250712_1/Inventory/CASBC_0087_20250712_1_inv.csv,/home/jovyan/work/Dry-shRub/shrub/Final/artifacts/labeling/sedgwick/sprint3/original/CASBC_0087_20250712_1/Fuels/CASBC_0087_20250712_1.tif,/home/jovyan/work/Dry-shRub/shrub/Final/artifacts/labeling/sedgwick/sprint3/original/CASBC_0087_20250712_1/dtm/CASBC_0087_20250712_1_dtm.tif,/home/jovyan/work/Dry-shRub/shrub/Final/artifacts/labeling/sedgwick/sprint3/original/CASBC_0087_20250712_1/chm/CASBC_0087_20250712_1_chm.tif,/home/jovyan/work/Dry-shRub/shrub/Final/artifacts/labeling/ptx_cache/sedgwick/CASBC_0087_20250712_1.ptx,15,10.124420235318553,1.0,,7.93385587087742,-0.782873764408993,7.93385587087742,-0.782873764408993,True,,-2163005.153911314,1566198.1645358293,770003.2445548845,3841504.2797217662,55.8671303903684,51.74092480749823
sedgwick,CASBC_0087_20250712_1,CASBC_0087_20250712_1,20250712,2025-07-12,16,-2.77754555660904,-2.88762443392483,2.999,8.751,1.6689906572519668,observed,68565,True,1.0,,1.0,uniform,/home/jovyan/work/Dry-shRub/shrub/Final/artifacts/labeling/sedgwick/sprint3/original/CASBC_0087_20250712_1/Shrubs/CASBC_0087_20250712_1.csv,sprint3_original,original,base,/home/jovyan/work/Dry-shRub/shrub/Final/artifacts/labeling/sedgwick/sprint3/original/CASBC_0087_20250712_1,/home/jovyan/work/Dry-shRub/shrub/Final/artifacts/labeling/sedgwick/sprint3/original/CASBC_0087_20250712_1/metrics/CASBC_0087_20250712_1_metrics.csv,/home/jovyan/work/Dry-shRub/shrub/Final/artifacts/labeling/sedgwick/sprint3/original/CASBC_0087_20250712_1/Inventory/CASBC_0087_20250712_1_inv.csv,/home/jovyan/work/Dry-shRub/shrub/Final/artifacts/labeling/sedgwick/sprint3/original/CASBC_0087_20250712_1/Fuels/CASBC_0087_20250712_1.tif,/home/jovyan/work/Dry-shRub/shrub/Final/artifacts/labeling/sedgwick/sprint3/original/CASBC_0087_20250712_1/dtm/CASBC_0087_20250712_1_dtm.tif,/home/jovyan/work/Dry-shRub/shrub/Final/artifacts/labeling/sedgwick/sprint3/original/CASBC_0087_20250712_1/chm/CASBC_0087_20250712_1_chm.tif,/home/jovyan/work/Dry-shRub/shrub/Final/artifacts/labeling/ptx_cache/sedgwick/CASBC_0087_20250712_1.ptx,16,10.486577575465558,1.0,,-2.77754555660904,-2.88762443392483,-2.77754555660904,-2.88762443392483,True,,-2163004.172630305,1566209.03653178,770001.1444840882,3841514.91146348,38.147560867480934,48.24080681358464
sedgwick,CASBC_0087_20250712_1,CASBC_0087_20250712_1,20250712,2025-07-12,17,5.23707933483314,-3.71680518514944,2.999,9.832,1.7690739953317471,observed,33360,True,1.0,,1.0,uniform,/home/jovyan/work/Dry-shRub/shrub/Final/artifacts/labeling/sedgwick/sprint3/original/CASBC_0087_20250712_1/Shrubs/CASBC_0087_20250712_1.csv,sprint3_original,original,base,/home/jovyan/work/Dry-shRub/shrub/Final/artifacts/labeling/sedgwick/sprint3/original/CASBC_0087_20250712_1,/home/jovyan/work/Dry-shRub/shrub/Final/artifacts/labeling/sedgwick/sprint3/original/CASBC_0087_20250712_1/metrics/CASBC_0087_20250712_1_metrics.csv,/home/jovyan/work/Dry-shRub/shrub/Final/artifacts/labeling/sedgwick/sprint3/original/CASBC_0087_20250712_1/Inventory/CASBC_0087_20250712_1_inv.csv,/home/jovyan/work/Dry-shRub/shrub/Final/artifacts/labeling/sedgwick/sprint3/original/CASBC_0087_20250712_1/Fuels/CASBC_0087_20250712_1.tif,/home/jovyan/work/Dry-shRub/shrub/Final/artifacts/labeling/sedgwick/sprint3/original/CASBC_0087_20250712_1/dtm/CASBC_0087_20250712_1_dtm.tif,/home/jovyan/work/Dry-shRub/shrub/Final/artifacts/labeling/sedgwick/sprint3/original/CASBC_0087_20250712_1/chm/CASBC_0087_20250712_1_chm.tif,/home/jovyan/work/Dry-shRub/shrub/Final/artifacts/labeling/ptx_cache/sedgwick/CASBC_0087_20250712_1.ptx,17,11.115419734781922,1.0,,5.23707933483314,-3.71680518514944,5.23707933483314,-3.71680518514944,True,,-2163007.214550056,1566201.5754152834,770000.2908628309,3841506.9592094407,51.401317599229515,46.81810471834615
sedgwick,CASBC_0087_20250712_1,CASBC_0087_20250712_1,20250712,2025-07-12,18,7.76925535837632,-7.22457996244815,2.999,7.954,1.591174671337459,observed,1834,True,1.0,,1.0,uniform,/home/jovyan/work/Dry-shRub/shrub/Final/artifacts/labeling/sedgwick/sprint3/original/CASBC_0087_20250712_1/Shrubs/CASBC_0087_20250712_1.csv,sprint3_original,original,base,/home/jovyan/work/Dry-shRub/shrub/Final/artifacts/labeling/sedgwick/sprint3/original/CASBC_0087_20250712_1,/home/jovyan/work/Dry-shRub/shrub/Final/artifacts/labeling/sedgwick/sprint3/original/CASBC_0087_20250712_1/metrics/CASBC_0087_20250712_1_metrics.csv,/home/jovyan/work/Dry-shRub/shrub/Final/artifacts/labeling/sedgwick/sprint3/original/CASBC_0087_20250712_1/Inventory/CASBC_0087_20250712_1_inv.csv,/home/jovyan/work/Dry-shRub/shrub/Final/artifacts/labeling/sedgwick/sprint3/original/CASBC_0087_20250712_1/Fuels/CASBC_0087_20250712_1.tif,/home/jovyan/work/Dry-shRub/shrub/Final/artifacts/labeling/sedgwick/sprint3/original/CASBC_0087_20250712_1/dtm/CASBC_0087_20250712_1_dtm.tif,/home/jovyan/work/Dry-shRub/shrub/Final/artifacts/labeling/sedgwick/sprint3/original/CASBC_0087_20250712_1/chm/CASBC_0087_20250712_1_chm.tif,/home/jovyan/work/Dry-shRub/shrub/Final/artifacts/labeling/ptx_cache/sedgwick/CASBC_0087_20250712_1.ptx,18,9.99764531610383,1.0,,7.76925535837632,-7.22457996244815,7.76925535837632,-7.22457996244815,True,,-2163011.2913645133,1566200.12767499,769996.7470954831,3841504.450474516,55.582542474381626,40.91182580520399
sedgwick,CASBC_0087_20250712_1,CASBC_0087_20250712_1,20250712,2025-07-12,19,-3.12363221197426,-8.27255233540221,2.999,5.26,1.2939513133525309,observed,2898,True,1.0,,1.0,uniform,/home/jovyan/work/Dry-shRub/shrub/Final/artifacts/labeling/sedgwick/sprint3/original/CASBC_0087_20250712_1/Shrubs/CASBC_0087_20250712_1.csv,sprint3_original,original,base,/home/jovyan/work/Dry-shRub/shrub/Final/artifacts/labeling/sedgwick/sprint3/original/CASBC_0087_20250712_1,/home/jovyan/work/Dry-shRub/shrub/Final/artifacts/labeling/sedgwick/sprint3/original/CASBC_0087_20250712_1/metrics/CASBC_0087_20250712_1_metrics.csv,/home/jovyan/work/Dry-shRub/shrub/Final/artifacts/labeling/sedgwick/sprint3/original/CASBC_0087_20250712_1/Inventory/CASBC_0087_20250712_1_inv.csv,/home/jovyan/work/Dry-shRub/shrub/Final/artifacts/labeling/sedgwick/sprint3/original/CASBC_0087_20250712_1/Fuels/CASBC_0087_20250712_1.tif,/home/jovyan/work/Dry-shRub/shrub/Final/artifacts/labeling/sedgwick/sprint3/original/CASBC_0087_20250712_1/dtm/CASBC_0087_20250712_1_dtm.tif,/home/jovyan/work/Dry-shRub/shrub/Final/artifacts/labeling/sedgwick/sprint3/original/CASBC_0087_20250712_1/chm/CASBC_0087_20250712_1_chm.tif,/home/jovyan/work/Dry-shRub/shrub/Final/artifacts/labeling/ptx_cache/sedgwick/CASBC_0087_20250712_1.ptx,19,8.13013588026235,1.0,,-3.12363221197426,-8.27255233540221,-3.12363221197426,-8.27255233540221,True,,-2163009.2447930374,1566210.8777479643,769995.7133969151,3841515.2610949795,37.56484170164913,39.188994858646765
sedgwick,CASBC_0087_20250712_1,CASBC_0087_20250712_1,20250712,2025-07-12,20,-0.948974325245897,-8.19480117665686,2.998,6.85,1.476625450261157,observed,7436,True,1.0,,1.0,uniform,/home/jovyan/work/Dry-shRub/shrub/Final/artifacts/labeling/sedgwick/sprint3/original/CASBC_0087_20250712_1/Shrubs/CASBC_0087_20250712_1.csv,sprint3_original,original,base,/home/jovyan/work/Dry-shRub/shrub/Final/artifacts/labeling/sedgwick/sprint3/original/CASBC_0087_20250712_1,/home/jovyan/work/Dry-shRub/shrub/Final/artifacts/labeling/sedgwick/sprint3/original/CASBC_0087_20250712_1/metrics/CASBC_0087_20250712_1_metrics.csv,/home/jovyan/work/Dry-shRub/shrub/Final/artifacts/labeling/sedgwick/sprint3/original/CASBC_0087_20250712_1/Inventory/CASBC_0087_20250712_1_inv.csv,/home/jovyan/work/Dry-shRub/shrub/Final/artifacts/labeling/sedgwick/sprint3/original/CASBC_0087_20250712_1/Fuels/CASBC_0087_20250712_1.tif,/home/jovyan/work/Dry-shRub/shrub/Final/artifacts/labeling/sedgwick/sprint3/original/CASBC_0087_20250712_1/dtm/CASBC_0087_20250712_1_dtm.tif,/home/jovyan/work/Dry-shRub/shrub/Final/artifacts/labeling/sedgwick/sprint3/original/CASBC_0087_20250712_1/chm/CASBC_0087_20250712_1_chm.tif,/home/jovyan/work/Dry-shRub/shrub/Final/artifacts/labeling/ptx_cache/sedgwick/CASBC_0087_20250712_1.ptx,20,9.277911333288346,1.0,,-0.948974325245897,-8.19480117665686,-0.948974325245897,-8.19480117665686,True,,-2163009.7795691276,1566208.768441875,769995.7871534536,3841513.1030122945,41.16164617612958,39.31192242261022
sedgwick,CASBC_0087_20250712_1,CASBC_0087_20250712_1,20250712,2025-07-12,21,-5.19319822232683,-8.941349009748,2.997,5.816,1.3606212911919784,observed,4233,True,1.0,,1.0,uniform,/home/jovyan/work/Dry-shRub/shrub/Final/artifacts/labeling/sedgwick/sprint3/original/CASBC_0087_20250712_1/Shrubs/CASBC_0087_20250712_1.csv,sprint3_original,original,base,/home/jovyan/work/Dry-shRub/shrub/Final/artifacts/labeling/sedgwick/sprint3/original/CASBC_0087_20250712_1,/home/jovyan/work/Dry-shRub/shrub/Final/artifacts/labeling/sedgwick/sprint3/original/CASBC_0087_20250712_1/metrics/CASBC_0087_20250712_1_metrics.csv,/home/jovyan/work/Dry-shRub/shrub/Final/artifacts/labeling/sedgwick/sprint3/original/CASBC_0087_20250712_1/Inventory/CASBC_0087_20250712_1_inv.csv,/home/jovyan/work/Dry-shRub/shrub/Final/artifacts/labeling/sedgwick/sprint3/original/CASBC_0087_20250712_1/Fuels/CASBC_0087_20250712_1.tif,/home/jovyan/work/Dry-shRub/shrub/Final/artifacts/labeling/sedgwick/sprint3/original/CASBC_0087_20250712_1/dtm/CASBC_0087_20250712_1_dtm.tif,/home/jovyan/work/Dry-shRub/shrub/Final/artifacts/labeling/sedgwick/sprint3/original/CASBC_0087_20250712_1/chm/CASBC_0087_20250712_1_chm.tif,/home/jovyan/work/Dry-shRub/shrub/Final/artifacts/labeling/ptx_cache/sedgwick/CASBC_0087_20250712_1.ptx,21,8.549035705453157,0.9999999999999998,,-5.19319822232683,-8.941349009748,-5.19319822232683,-8.941349009748,True,,-2163009.3068288504,1566213.0517996515,769995.0432210546,3841517.315571238,34.14071460440755,38.072035090997815
sedgwick,CASBC_0087_20250712_1,CASBC_0087_20250712_1,20250712,2025-07-12,22,-3.61748737249336,-10.8777124984234,2.999,7.527,1.5478754837858866,observed,2717,True,1.0,,1.0,uniform,/home/jovyan/work/Dry-shRub/shrub/Final/artifacts/labeling/sedgwick/sprint3/original/CASBC_0087_20250712_1/Shrubs/CASBC_0087_20250712_1.csv,sprint3_original,original,base,/home/jovyan/work/Dry-shRub/shrub/Final/artifacts/labeling/sedgwick/sprint3/original/CASBC_0087_20250712_1,/home/jovyan/work/Dry-shRub/shrub/Final/artifacts/labeling/sedgwick/sprint3/original/CASBC_0087_20250712_1/metrics/CASBC_0087_20250712_1_metrics.csv,/home/jovyan/work/Dry-shRub/shrub/Final/artifacts/labeling/sedgwick/sprint3/original/CASBC_0087_20250712_1/Inventory/CASBC_0087_20250712_1_inv.csv,/home/jovyan/work/Dry-shRub/shrub/Final/artifacts/labeling/sedgwick/sprint3/original/CASBC_0087_20250712_1/Fuels/CASBC_0087_20250712_1.tif,/home/jovyan/work/Dry-shRub/shrub/Final/artifacts/labeling/sedgwick/sprint3/original/CASBC_0087_20250712_1/dtm/CASBC_0087_20250712_1_dtm.tif,/home/jovyan/work/Dry-shRub/shrub/Final/artifacts/labeling/sedgwick/sprint3/original/CASBC_0087_20250712_1/chm/CASBC_0087_20250712_1_chm.tif,/home/jovyan/work/Dry-shRub/shrub/Final/artifacts/labeling/ptx_cache/sedgwick/CASBC_0087_20250712_1.ptx,22,9.725588497066976,1.0000000000000002,,-3.61748737249336,-10.8777124984234,-3.61748737249336,-10.8777124984234,True,,-2163011.6071668016,1566212.0818479871,769993.0866067791,3841515.7541636084,36.74306065309793,34.811011298559606
sedgwick,CASBC_0087_20250712_1,CASBC_0087_20250712_1,20250712,2025-07-12,23,-0.244303834696189,-10.7738199485286,2.999,9.449,1.7342750977139232,observed,3881,True,1.0,,1.0,uniform,/home/jovyan/work/Dry-shRub/shrub/Final/artifacts/labeling/sedgwick/sprint3/original/CASBC_0087_20250712_1/Shrubs/CASBC_0087_20250712_1.csv,sprint3_original,original,base,/home/jovyan/work/Dry-shRub/shrub/Final/artifacts/labeling/sedgwick/sprint3/original/CASBC_0087_20250712_1,/home/jovyan/work/Dry-shRub/shrub/Final/artifacts/labeling/sedgwick/sprint3/original/CASBC_0087_20250712_1/metrics/CASBC_0087_20250712_1_metrics.csv,/home/jovyan/work/Dry-shRub/shrub/Final/artifacts/labeling/sedgwick/sprint3/original/CASBC_0087_20250712_1/Inventory/CASBC_0087_20250712_1_inv.csv,/home/jovyan/work/Dry-shRub/shrub/Final/artifacts/labeling/sedgwick/sprint3/original/CASBC_0087_20250712_1/Fuels/CASBC_0087_20250712_1.tif,/home/jovyan/work/Dry-shRub/shrub/Final/artifacts/labeling/sedgwick/sprint3/original/CASBC_0087_20250712_1/dtm/CASBC_0087_20250712_1_dtm.tif,/home/jovyan/work/Dry-shRub/shrub/Final/artifacts/labeling/sedgwick/sprint3/original/CASBC_0087_20250712_1/chm/CASBC_0087_20250712_1_chm.tif,/home/jovyan/work/Dry-shRub/shrub/Final/artifacts/labeling/ptx_cache/sedgwick/CASBC_0087_20250712_1.ptx,23,10.896771812563564,1.0,,-0.244303834696189,-10.7738199485286,-0.244303834696189,-10.7738199485286,True,,-2163012.452715878,1566208.8147163088,769993.1841576674,3841512.4067096957,42.32215050794184,34.973596112569794
sedgwick,CASBC_0087_20250712_1,CASBC_0087_20250712_1,20250712,2025-07-12,24,2.77358441180616,-11.6115684719055,2.999,8.859,1.6792579556763163,observed,3336,True,1.0,,1.0,uniform,/home/jovyan/work/Dry-shRub/shrub/Final/artifacts/labeling/sedgwick/sprint3/original/CASBC_0087_20250712_1/Shrubs/CASBC_0087_20250712_1.csv,sprint3_original,original,base,/home/jovyan/work/Dry-shRub/shrub/Final/artifacts/labeling/sedgwick/sprint3/original/CASBC_0087_20250712_1,/home/jovyan/work/Dry-shRub/shrub/Final/artifacts/labeling/sedgwick/sprint3/original/CASBC_0087_20250712_1/metrics/CASBC_0087_20250712_1_metrics.csv,/home/jovyan/work/Dry-shRub/shrub/Final/artifacts/labeling/sedgwick/sprint3/original/CASBC_0087_20250712_1/Inventory/CASBC_0087_20250712_1_inv.csv,/home/jovyan/work/Dry-shRub/shrub/Final/artifacts/labeling/sedgwick/sprint3/original/CASBC_0087_20250712_1/Fuels/CASBC_0087_20250712_1.tif,/home/jovyan/work/Dry-shRub/shrub/Final/artifacts/labeling/sedgwick/sprint3/original/CASBC_0087_20250712_1/dtm/CASBC_0087_20250712_1_dtm.tif,/home/jovyan/work/Dry-shRub/shrub/Final/artifacts/labeling/sedgwick/sprint3/original/CASBC_0087_20250712_1/chm/CASBC_0087_20250712_1_chm.tif,/home/jovyan/work/Dry-shRub/shrub/Final/artifacts/labeling/ptx_cache/sedgwick/CASBC_0087_20250712_1.ptx,24,10.55108891406986,1.0000000000000002,,2.77358441180616,-11.6115684719055,2.77358441180616,-11.6115684719055,True,,-2163014.102607815,1566206.1525154663,769992.3326290639,3841509.4129119585,47.31181340292096,33.55438177310862
sedgwick,CASBC_0087_20250712_1,CASBC_0087_20250712_1,20250712,2025-07-12,7,6.78375950660175,11.8896216210093,1.107,0.566,0.4244565885694619,observed,195,True,1.0,,0.0,uniform,/home/jovyan/work/Dry-shRub/shrub/Final/artifacts/labeling/sedgwick/sprint3/revised/CASBC_0087_20250712_1/Shrubs/CASBC_0087_20250712_1.csv,sprint3_revised,revised,base,/home/jovyan/work/Dry-shRub/shrub/Final/artifacts/labeling/sedgwick/sprint3/revised/CASBC_0087_20250712_1,/home/jovyan/work/Dry-shRub/shrub/Final/artifacts/labeling/sedgwick/sprint3/revised/CASBC_0087_20250712_1/metrics/CASBC_0087_20250712_1_metrics.csv,/home/jovyan/work/Dry-shRub/shrub/Final/artifacts/labeling/sedgwick/sprint3/revised/CASBC_0087_20250712_1/Inventory/CASBC_0087_20250712_1_inv.csv,/home/jovyan/work/Dry-shRub/shrub/Final/artifacts/labeling/sedgwick/sprint3/revised/CASBC_0087_20250712_1/Fuels/CASBC_0087_20250712_1.tif,/home/jovyan/work/Dry-shRub/shrub/Final/artifacts/labeling/sedgwick/sprint3/revised/CASBC_0087_20250712_1/dtm/CASBC_0087_20250712_1_dtm.tif,/home/jovyan/work/Dry-shRub/shrub/Final/artifacts/labeling/sedgwick/sprint3/revised/CASBC_0087_20250712_1/chm/CASBC_0087_20250712_1_chm.tif,/home/jovyan/work/Dry-shRub/shrub/Final/artifacts/labeling/ptx_cache/sedgwick/CASBC_0087_20250712_1.ptx,1,2.666939400835214,1.0,,6.78375950660175,11.8896216210093,6.78375950660175,11.8896216210093,True,,-2162992.6669217753,1566195.7173831146,770016.0298986409,3841505.406420088,66.98929985333234,73.04983106837608
sedgwick,CASBC_0087_20250712_1,CASBC_0087_20250712_1,20250712,2025-07-12,21,-9.25043366853762,6.67986287891305,1.045,1.613,0.7165429829497002,observed,430,True,1.0,,0.0,uniform,/home/jovyan/work/Dry-shRub/shrub/Final/artifacts/labeling/sedgwick/sprint3/revised/CASBC_0087_20250712_1/Shrubs/CASBC_0087_20250712_1.csv,sprint3_revised,revised,base,/home/jovyan/work/Dry-shRub/shrub/Final/artifacts/labeling/sedgwick/sprint3/revised/CASBC_0087_20250712_1,/home/jovyan/work/Dry-shRub/shrub/Final/artifacts/labeling/sedgwick/sprint3/revised/CASBC_0087_20250712_1/metrics/CASBC_0087_20250712_1_metrics.csv,/home/jovyan/work/Dry-shRub/shrub/Final/artifacts/labeling/sedgwick/sprint3/revised/CASBC_0087_20250712_1/Inventory/CASBC_0087_20250712_1_inv.csv,/home/jovyan/work/Dry-shRub/shrub/Final/artifacts/labeling/sedgwick/sprint3/revised/CASBC_0087_20250712_1/Fuels/CASBC_0087_20250712_1.tif,/home/jovyan/work/Dry-shRub/shrub/Final/artifacts/labeling/sedgwick/sprint3/revised/CASBC_0087_20250712_1/dtm/CASBC_0087_20250712_1_dtm.tif,/home/jovyan/work/Dry-shRub/shrub/Final/artifacts/labeling/sedgwick/sprint3/revised/CASBC_0087_20250712_1/chm/CASBC_0087_20250712_1_chm.tif,/home/jovyan/work/Dry-shRub/shrub/Final/artifacts/labeling/ptx_cache/sedgwick/CASBC_0087_20250712_1.ptx,2,4.502172342432189,1.0,,-9.25043366853762,6.67986287891305,-9.25043366853762,6.67986287891305,True,,-2162993.174603876,1566212.5689880447,770010.8092111442,3841521.3237388893,40.46043518465012,64.34868524037302
sedgwick,CASBC_0087_20250712_1,CASBC_0087_20250712_1,20250712,2025-07-12,34,-13.2245640223881,1.71586353614694,1.022,0.173,0.2346648893844066,observed,133,True,1.0,,0.0,uniform,/home/jovyan/work/Dry-shRub/shrub/Final/artifacts/labeling/sedgwick/sprint3/revised/CASBC_0087_20250712_1/Shrubs/CASBC_0087_20250712_1.csv,sprint3_revised,revised,base,/home/jovyan/work/Dry-shRub/shrub/Final/artifacts/labeling/sedgwick/sprint3/revised/CASBC_0087_20250712_1,/home/jovyan/work/Dry-shRub/shrub/Final/artifacts/labeling/sedgwick/sprint3/revised/CASBC_0087_20250712_1/metrics/CASBC_0087_20250712_1_metrics.csv,/home/jovyan/work/Dry-shRub/shrub/Final/artifacts/labeling/sedgwick/sprint3/revised/CASBC_0087_20250712_1/Inventory/CASBC_0087_20250712_1_inv.csv,/home/jovyan/work/Dry-shRub/shrub/Final/artifacts/labeling/sedgwick/sprint3/revised/CASBC_0087_20250712_1/Fuels/CASBC_0087_20250712_1.tif,/home/jovyan/work/Dry-shRub/shrub/Final/artifacts/labeling/sedgwick/sprint3/revised/CASBC_0087_20250712_1/dtm/CASBC_0087_20250712_1_dtm.tif,/home/jovyan/work/Dry-shRub/shrub/Final/artifacts/labeling/sedgwick/sprint3/revised/CASBC_0087_20250712_1/chm/CASBC_0087_20250712_1_chm.tif,/home/jovyan/work/Dry-shRub/shrub/Final/artifacts/labeling/ptx_cache/sedgwick/CASBC_0087_20250712_1.ptx,3,1.4744429850910263,1.0,,-13.2245640223881,1.71586353614694,-13.2245640223881,1.71586353614694,True,,-2162996.826006281,1566217.7749151068,770005.8105125031,3841525.2731274874,33.878120854496956,56.01752083864994
sedgwick,CASBC_0087_20250712_1,CASBC_0087_20250712_1,20250712,2025-07-12,42,-6.12434624902928,0.145674408297053,0.825,2.645,0.9175672449232952,observed,3777,True,1.0,,1.0,uniform,/home/jovyan/work/Dry-shRub/shrub/Final/artifacts/labeling/sedgwick/sprint3/revised/CASBC_0087_20250712_1/Shrubs/CASBC_0087_20250712_1.csv,sprint3_revised,revised,base,/home/jovyan/work/Dry-shRub/shrub/Final/artifacts/labeling/sedgwick/sprint3/revised/CASBC_0087_20250712_1,/home/jovyan/work/Dry-shRub/shrub/Final/artifacts/labeling/sedgwick/sprint3/revised/CASBC_0087_20250712_1/metrics/CASBC_0087_20250712_1_metrics.csv,/home/jovyan/work/Dry-shRub/shrub/Final/artifacts/labeling/sedgwick/sprint3/revised/CASBC_0087_20250712_1/Inventory/CASBC_0087_20250712_1_inv.csv,/home/jovyan/work/Dry-shRub/shrub/Final/artifacts/labeling/sedgwick/sprint3/revised/CASBC_0087_20250712_1/Fuels/CASBC_0087_20250712_1.tif,/home/jovyan/work/Dry-shRub/shrub/Final/artifacts/labeling/sedgwick/sprint3/revised/CASBC_0087_20250712_1/dtm/CASBC_0087_20250712_1_dtm.tif,/home/jovyan/work/Dry-shRub/shrub/Final/artifacts/labeling/sedgwick/sprint3/revised/CASBC_0087_20250712_1/chm/CASBC_0087_20250712_1_chm.tif,/home/jovyan/work/Dry-shRub/shrub/Final/artifacts/labeling/ptx_cache/sedgwick/CASBC_0087_20250712_1.ptx,4,5.765245031651301,1.0,,-6.12434624902928,0.145674408297053,-6.12434624902928,0.145674408297053,True,,-2163000.322993993,1566211.399214843,770004.2113932115,3841518.2291265605,45.6181223988533,53.35232201917097
sedgwick,CASBC_0087_20250712_1,CASBC_0087_20250712_1,20250712,2025-07-12,47,-9.13395105360377,-0.745463410664354,0.875,1.294,0.6417889004352016,observed,934,True,1.0,,1.0,uniform,/home/jovyan/work/Dry-shRub/shrub/Final/artifacts/labeling/sedgwick/sprint3/revised/CASBC_0087_20250712_1/Shrubs/CASBC_0087_20250712_1.csv,sprint3_revised,revised,base,/home/jovyan/work/Dry-shRub/shrub/Final/artifacts/labeling/sedgwick/sprint3/revised/CASBC_0087_20250712_1,/home/jovyan/work/Dry-shRub/shrub/Final/artifacts/labeling/sedgwick/sprint3/revised/CASBC_0087_20250712_1/metrics/CASBC_0087_20250712_1_metrics.csv,/home/jovyan/work/Dry-shRub/shrub/Final/artifacts/labeling/sedgwick/sprint3/revised/CASBC_0087_20250712_1/Inventory/CASBC_0087_20250712_1_inv.csv,/home/jovyan/work/Dry-shRub/shrub/Final/artifacts/labeling/sedgwick/sprint3/revised/CASBC_0087_20250712_1/Fuels/CASBC_0087_20250712_1.tif,/home/jovyan/work/Dry-shRub/shrub/Final/artifacts/labeling/sedgwick/sprint3/revised/CASBC_0087_20250712_1/dtm/CASBC_0087_20250712_1_dtm.tif,/home/jovyan/work/Dry-shRub/shrub/Final/artifacts/labeling/sedgwick/sprint3/revised/CASBC_0087_20250712_1/chm/CASBC_0087_20250712_1_chm.tif,/home/jovyan/work/Dry-shRub/shrub/Final/artifacts/labeling/ptx_cache/sedgwick/CASBC_0087_20250712_1.ptx,5,4.032478589525401,1.0,,-9.13395105360377,-0.745463410664354,-9.13395105360377,-0.745463410664354,True,,-2163000.335031266,1566214.5379432624,770003.318959155,3841521.2166939084,40.638843486085534,51.864931924967095
sedgwick,CASBC_0087_20250712_1,CASBC_0087_20250712_1,20250712,2025-07-12,56,-7.26673992933255,-2.76859730947356,1.251,1.529,0.6976358763531416,observed,892,True,1.0,,1.0,uniform,/home/jovyan/work/Dry-shRub/shrub/Final/artifacts/labeling/sedgwick/sprint3/revised/CASBC_0087_20250712_1/Shrubs/CASBC_0087_20250712_1.csv,sprint3_revised,revised,base,/home/jovyan/work/Dry-shRub/shrub/Final/artifacts/labeling/sedgwick/sprint3/revised/CASBC_0087_20250712_1,/home/jovyan/work/Dry-shRub/shrub/Final/artifacts/labeling/sedgwick/sprint3/revised/CASBC_0087_20250712_1/metrics/CASBC_0087_20250712_1_metrics.csv,/home/jovyan/work/Dry-shRub/shrub/Final/artifacts/labeling/sedgwick/sprint3/revised/CASBC_0087_20250712_1/Inventory/CASBC_0087_20250712_1_inv.csv,/home/jovyan/work/Dry-shRub/shrub/Final/artifacts/labeling/sedgwick/sprint3/revised/CASBC_0087_20250712_1/Fuels/CASBC_0087_20250712_1.tif,/home/jovyan/work/Dry-shRub/shrub/Final/artifacts/labeling/sedgwick/sprint3/revised/CASBC_0087_20250712_1/dtm/CASBC_0087_20250712_1_dtm.tif,/home/jovyan/work/Dry-shRub/shrub/Final/artifacts/labeling/sedgwick/sprint3/revised/CASBC_0087_20250712_1/chm/CASBC_0087_20250712_1_chm.tif,/home/jovyan/work/Dry-shRub/shrub/Final/artifacts/labeling/ptx_cache/sedgwick/CASBC_0087_20250712_1.ptx,6,4.383375488063414,1.0000000000000002,,-7.26673992933255,-2.76859730947356,-7.26673992933255,-2.76859730947356,True,,-2163002.8003507387,1566213.31248723,770001.2741922354,3841519.3661196544,43.72313390951604,48.456987059209496
sedgwick,CASBC_0087_20250712_1,CASBC_0087_20250712_1,20250712,2025-07-12,62,-8.22548043184935,-6.22104899186143,1.048,1.356,0.6569841745926763,observed,902,True,1.0,,1.0,uniform,/home/jovyan/work/Dry-shRub/shrub/Final/artifacts/labeling/sedgwick/sprint3/revised/CASBC_0087_20250712_1/Shrubs/CASBC_0087_20250712_1.csv,sprint3_revised,revised,base,/home/jovyan/work/Dry-shRub/shrub/Final/artifacts/labeling/sedgwick/sprint3/revised/CASBC_0087_20250712_1,/home/jovyan/work/Dry-shRub/shrub/Final/artifacts/labeling/sedgwick/sprint3/revised/CASBC_0087_20250712_1/metrics/CASBC_0087_20250712_1_metrics.csv,/home/jovyan/work/Dry-shRub/shrub/Final/artifacts/labeling/sedgwick/sprint3/revised/CASBC_0087_20250712_1/Inventory/CASBC_0087_20250712_1_inv.csv,/home/jovyan/work/Dry-shRub/shrub/Final/artifacts/labeling/sedgwick/sprint3/revised/CASBC_0087_20250712_1/Fuels/CASBC_0087_20250712_1.tif,/home/jovyan/work/Dry-shRub/shrub/Final/artifacts/labeling/sedgwick/sprint3/revised/CASBC_0087_20250712_1/dtm/CASBC_0087_20250712_1_dtm.tif,/home/jovyan/work/Dry-shRub/shrub/Final/artifacts/labeling/sedgwick/sprint3/revised/CASBC_0087_20250712_1/chm/CASBC_0087_20250712_1_chm.tif,/home/jovyan/work/Dry-shRub/shrub/Final/artifacts/labeling/ptx_cache/sedgwick/CASBC_0087_20250712_1.ptx,7,4.127953312850212,1.0,,-8.22548043184935,-6.22104899186143,-8.22548043184935,-6.22104899186143,True,,-2163005.8457877156,1566215.2002775986,769997.7937291649,3841520.3214861644,42.130856392905116,42.65621527493931
sedgwick,CASBC_0087_20250712_1,CASBC_0087_20250712_1,20250712,2025-07-12,72,8.64549760969074,-11.2260854449641,0.673,0.669,0.4614643148250534,observed,144,True,1.0,,1.0,uniform,/home/jovyan/work/Dry-shRub/shrub/Final/artifacts/labeling/sedgwick/sprint3/revised/CASBC_0087_20250712_1/Shrubs/CASBC_0087_20250712_1.csv,sprint3_revised,revised,base,/home/jovyan/work/Dry-shRub/shrub/Final/artifacts/labeling/sedgwick/sprint3/revised/CASBC_0087_20250712_1,/home/jovyan/work/Dry-shRub/shrub/Final/artifacts/labeling/sedgwick/sprint3/revised/CASBC_0087_20250712_1/metrics/CASBC_0087_20250712_1_metrics.csv,/home/jovyan/work/Dry-shRub/shrub/Final/artifacts/labeling/sedgwick/sprint3/revised/CASBC_0087_20250712_1/Inventory/CASBC_0087_20250712_1_inv.csv,/home/jovyan/work/Dry-shRub/shrub/Final/artifacts/labeling/sedgwick/sprint3/revised/CASBC_0087_20250712_1/Fuels/CASBC_0087_20250712_1.tif,/home/jovyan/work/Dry-shRub/shrub/Final/artifacts/labeling/sedgwick/sprint3/revised/CASBC_0087_20250712_1/dtm/CASBC_0087_20250712_1_dtm.tif,/home/jovyan/work/Dry-shRub/shrub/Final/artifacts/labeling/sedgwick/sprint3/revised/CASBC_0087_20250712_1/chm/CASBC_0087_20250712_1_chm.tif,/home/jovyan/work/Dry-shRub/shrub/Final/artifacts/labeling/ptx_cache/sedgwick/CASBC_0087_20250712_1.ptx,8,2.8994658026964704,1.0,,8.64549760969074,-11.2260854449641,8.64549760969074,-11.2260854449641,True,,-2163015.3780774544,1566200.4078705546,769992.7088548138,3841503.5855520815,70.02407986391336,34.181424689712
shaver-lake,CAFKU_0096_20240804_1,CAFKU_0096_20240804_1,20240804,2024-08-04,1,6.90233304020783,10.6966119810762,2.999,7.945,1.5902742045729776,observed,2797,True,1.0,,1.0,uniform,/home/jovyan/work/Dry-shRub/shrub/Final/artifacts/labeling/shaver-lake/sprint3/original/CAFKU_0096_20240804_1/Shrubs/CAFKU_0096_20240804_1.csv,sprint3_original,original,base,/home/jovyan/work/Dry-shRub/shrub/Final/artifacts/labeling/shaver-lake/sprint3/original/CAFKU_0096_20240804_1,/home/jovyan/work/Dry-shRub/shrub/Final/artifacts/labeling/shaver-lake/sprint3/original/CAFKU_0096_20240804_1/metrics/CAFKU_0096_20240804_1_metrics.csv,/home/jovyan/work/Dry-shRub/shrub/Final/artifacts/labeling/shaver-lake/sprint3/original/CAFKU_0096_20240804_1/Inventory/CAFKU_0096_20240804_1_inv.csv,/home/jovyan/work/Dry-shRub/shrub/Final/artifacts/labeling/shaver-lake/sprint3/original/CAFKU_0096_20240804_1/Fuels/CAFKU_0096_20240804_1.tif,/home/jovyan/work/Dry-shRub/shrub/Final/artifacts/labeling/shaver-lake/sprint3/original/CAFKU_0096_20240804_1/dtm/CAFKU_0096_20240804_1_dtm.tif,/home/jovyan/work/Dry-shRub/shrub/Final/artifacts/labeling/shaver-lake/sprint3/original/CAFKU_0096_20240804_1/chm/CAFKU_0096_20240804_1_chm.tif,/home/jovyan/work/Dry-shRub/shrub/Final/artifacts/labeling/ptx_cache/shaver-lake/CAFKU_0096_20240804_1.ptx,1,9.991987516559638,1.0,,6.90233304020783,10.6966119810762,6.90233304020783,10.6966119810762,True,,297955.36541212513,4108354.1154803582,297955.6197430193,4108354.108443864,70.15259356051683,37.69957169884583
shaver-lake,CAFKU_0096_20240804_1,CAFKU_0096_20240804_1,20240804,2024-08-04,2,2.61177050633135,10.3795043617816,2.999,7.534,1.548595067313815,observed,7966,True,1.0,,1.0,uniform,/home/jovyan/work/Dry-shRub/shrub/Final/artifacts/labeling/shaver-lake/sprint3/original/CAFKU_0096_20240804_1/Shrubs/CAFKU_0096_20240804_1.csv,sprint3_original,original,base,/home/jovyan/work/Dry-shRub/shrub/Final/artifacts/labeling/shaver-lake/sprint3/original/CAFKU_0096_20240804_1,/home/jovyan/work/Dry-shRub/shrub/Final/artifacts/labeling/shaver-lake/sprint3/original/CAFKU_0096_20240804_1/metrics/CAFKU_0096_20240804_1_metrics.csv,/home/jovyan/work/Dry-shRub/shrub/Final/artifacts/labeling/shaver-lake/sprint3/original/CAFKU_0096_20240804_1/Inventory/CAFKU_0096_20240804_1_inv.csv,/home/jovyan/work/Dry-shRub/shrub/Final/artifacts/labeling/shaver-lake/sprint3/original/CAFKU_0096_20240804_1/Fuels/CAFKU_0096_20240804_1.tif,/home/jovyan/work/Dry-shRub/shrub/Final/artifacts/labeling/shaver-lake/sprint3/original/CAFKU_0096_20240804_1/dtm/CAFKU_0096_20240804_1_dtm.tif,/home/jovyan/work/Dry-shRub/shrub/Final/artifacts/labeling/shaver-lake/sprint3/original/CAFKU_0096_20240804_1/chm/CAFKU_0096_20240804_1_chm.tif,/home/jovyan/work/Dry-shRub/shrub/Final/artifacts/labeling/ptx_cache/shaver-lake/CAFKU_0096_20240804_1.ptx,2,9.730109773716944,1.0000000000000002,,2.61177050633135,10.3795043617816,2.61177050633135,10.3795043617816,True,,297959.561722788,4108353.167094482,297959.8161405723,4108353.160241169,71.73293138574809,44.69356762053212
shaver-lake,CAFKU_0096_20240804_1,CAFKU_0096_20240804_1,20240804,2024-08-04,3,4.47700487194018,9.61078813450833,2.998,7.352,1.5297758931370402,observed,6616,True,1.0,,1.0,uniform,/home/jovyan/work/Dry-shRub/shrub/Final/artifacts/labeling/shaver-lake/sprint3/original/CAFKU_0096_20240804_1/Shrubs/CAFKU_0096_20240804_1.csv,sprint3_original,original,base,/home/jovyan/work/Dry-shRub/shrub/Final/artifacts/labeling/shaver-lake/sprint3/original/CAFKU_0096_20240804_1,/home/jovyan/work/Dry-shRub/shrub/Final/artifacts/labeling/shaver-lake/sprint3/original/CAFKU_0096_20240804_1/metrics/CAFKU_0096_20240804_1_metrics.csv,/home/jovyan/work/Dry-shRub/shrub/Final/artifacts/labeling/shaver-lake/sprint3/original/CAFKU_0096_20240804_1/Inventory/CAFKU_0096_20240804_1_inv.csv,/home/jovyan/work/Dry-shRub/shrub/Final/artifacts/labeling/shaver-lake/sprint3/original/CAFKU_0096_20240804_1/Fuels/CAFKU_0096_20240804_1.tif,/home/jovyan/work/Dry-shRub/shrub/Final/artifacts/labeling/shaver-lake/sprint3/original/CAFKU_0096_20240804_1/dtm/CAFKU_0096_20240804_1_dtm.tif,/home/jovyan/work/Dry-shRub/shrub/Final/artifacts/labeling/shaver-lake/sprint3/original/CAFKU_0096_20240804_1/chm/CAFKU_0096_20240804_1_chm.tif,/home/jovyan/work/Dry-shRub/shrub/Final/artifacts/labeling/ptx_cache/shaver-lake/CAFKU_0096_20240804_1.ptx,3,9.61186541503618,1.0,,4.47700487194018,9.61078813450833,4.47700487194018,9.61078813450833,True,,297958.0019431751,4108354.4465204333,297958.2563201911,4108354.4395937445,69.60067709349096,42.09386698517483
shaver-lake,CAFKU_0096_20240804_1,CAFKU_0096_20240804_1,20240804,2024-08-04,4,-12.5633443771524,8.08274907968175,0.863,0.017,0.0735613218010962,observed,11,True,0.8,,1.0,uniform,/home/jovyan/work/Dry-shRub/shrub/Final/artifacts/labeling/shaver-lake/sprint3/original/CAFKU_0096_20240804_1/Shrubs/CAFKU_0096_20240804_1.csv,sprint3_original,original,base,/home/jovyan/work/Dry-shRub/shrub/Final/artifacts/labeling/shaver-lake/sprint3/original/CAFKU_0096_20240804_1,/home/jovyan/work/Dry-shRub/shrub/Final/artifacts/labeling/shaver-lake/sprint3/original/CAFKU_0096_20240804_1/metrics/CAFKU_0096_20240804_1_metrics.csv,/home/jovyan/work/Dry-shRub/shrub/Final/artifacts/labeling/shaver-lake/sprint3/original/CAFKU_0096_20240804_1/Inventory/CAFKU_0096_20240804_1_inv.csv,/home/jovyan/work/Dry-shRub/shrub/Final/artifacts/labeling/shaver-lake/sprint3/original/CAFKU_0096_20240804_1/Fuels/CAFKU_0096_20240804_1.tif,/home/jovyan/work/Dry-shRub/shrub/Final/artifacts/labeling/shaver-lake/sprint3/original/CAFKU_0096_20240804_1/dtm/CAFKU_0096_20240804_1_dtm.tif,/home/jovyan/work/Dry-shRub/shrub/Final/artifacts/labeling/shaver-lake/sprint3/original/CAFKU_0096_20240804_1/chm/CAFKU_0096_20240804_1_chm.tif,/home/jovyan/work/Dry-shRub/shrub/Final/artifacts/labeling/ptx_cache/shaver-lake/CAFKU_0096_20240804_1.ptx,4,0.4621994163173575,1.0,,-12.5633443771524,8.08274907968175,-12.5633443771524,8.08274907968175,True,,297974.7463285915,4108350.936854526,297975.00104974315,4108350.930657059,75.44890490267426,70.00174957193667
shaver-lake,CAFKU_0096_20240804_1,CAFKU_0096_20240804_1,20240804,2024-08-04,5,-5.4484698985716,7.38921715777854,2.999,3.647,1.0774396293585478,observed,308,True,1.0,,1.0,uniform,/home/jovyan/work/Dry-shRub/shrub/Final/artifacts/labeling/shaver-lake/sprint3/original/CAFKU_0096_20240804_1/Shrubs/CAFKU_0096_20240804_1.csv,sprint3_original,original,base,/home/jovyan/work/Dry-shRub/shrub/Final/artifacts/labeling/shaver-lake/sprint3/original/CAFKU_0096_20240804_1,/home/jovyan/work/Dry-shRub/shrub/Final/artifacts/labeling/shaver-lake/sprint3/original/CAFKU_0096_20240804_1/metrics/CAFKU_0096_20240804_1_metrics.csv,/home/jovyan/work/Dry-shRub/shrub/Final/artifacts/labeling/shaver-lake/sprint3/original/CAFKU_0096_20240804_1/Inventory/CAFKU_0096_20240804_1_inv.csv,/home/jovyan/work/Dry-shRub/shrub/Final/artifacts/labeling/shaver-lake/sprint3/original/CAFKU_0096_20240804_1/Fuels/CAFKU_0096_20240804_1.tif,/home/jovyan/work/Dry-shRub/shrub/Final/artifacts/labeling/shaver-lake/sprint3/original/CAFKU_0096_20240804_1/dtm/CAFKU_0096_20240804_1_dtm.tif,/home/jovyan/work/Dry-shRub/shrub/Final/artifacts/labeling/shaver-lake/sprint3/original/CAFKU_0096_20240804_1/chm/CAFKU_0096_20240804_1_chm.tif,/home/jovyan/work/Dry-shRub/shrub/Final/artifacts/labeling/ptx_cache/shaver-lake/CAFKU_0096_20240804_1.ptx,5,6.769752848558646,1.0,,-5.4484698985716,7.38921715777854,-5.4484698985716,7.38921715777854,True,,297968.14348640636,4108353.675860098,297968.3980595134,4108353.6693674056,70.88438765797764,58.99676585569978
shaver-lake,CAFKU_0096_20240804_1,CAFKU_0096_20240804_1,20240804,2024-08-04,6,-4.73762860272624,3.88655815575887,2.999,9.029,1.6952934738131469,observed,46737,True,1.0,,1.0,uniform,/home/jovyan/work/Dry-shRub/shrub/Final/artifacts/labeling/shaver-lake/sprint3/original/CAFKU_0096_20240804_1/Shrubs/CAFKU_0096_20240804_1.csv,sprint3_original,original,base,/home/jovyan/work/Dry-shRub/shrub/Final/artifacts/labeling/shaver-lake/sprint3/original/CAFKU_0096_20240804_1,/home/jovyan/work/Dry-shRub/shrub/Final/artifacts/labeling/shaver-lake/sprint3/original/CAFKU_0096_20240804_1/metrics/CAFKU_0096_20240804_1_metrics.csv,/home/jovyan/work/Dry-shRub/shrub/Final/artifacts/labeling/shaver-lake/sprint3/original/CAFKU_0096_20240804_1/Inventory/CAFKU_0096_20240804_1_inv.csv,/home/jovyan/work/Dry-shRub/shrub/Final/artifacts/labeling/shaver-lake/sprint3/original/CAFKU_0096_20240804_1/Fuels/CAFKU_0096_20240804_1.tif,/home/jovyan/work/Dry-shRub/shrub/Final/artifacts/labeling/shaver-lake/sprint3/original/CAFKU_0096_20240804_1/dtm/CAFKU_0096_20240804_1_dtm.tif,/home/jovyan/work/Dry-shRub/shrub/Final/artifacts/labeling/shaver-lake/sprint3/original/CAFKU_0096_20240804_1/chm/CAFKU_0096_20240804_1_chm.tif,/home/jovyan/work/Dry-shRub/shrub/Final/artifacts/labeling/ptx_cache/shaver-lake/CAFKU_0096_20240804_1.ptx,6,10.651843046020204,1.0,,-4.73762860272624,3.88655815575887,-4.73762860272624,3.88655815575887,True,,297968.48544255056,4108357.233522292,297968.73998957174,4108357.2270238097,64.95496031735092,59.56664928625105
shaver-lake,CAFKU_0096_20240804_1,CAFKU_0096_20240804_1,20240804,2024-08-04,7,-10.1515420650706,2.48879931501848,2.999,8.099,1.6056125834716546,observed,10959,True,1.0,,1.0,uniform,/home/jovyan/work/Dry-shRub/shrub/Final/artifacts/labeling/shaver-lake/sprint3/original/CAFKU_0096_20240804_1/Shrubs/CAFKU_0096_20240804_1.csv,sprint3_original,original,base,/home/jovyan/work/Dry-shRub/shrub/Final/artifacts/labeling/shaver-lake/sprint3/original/CAFKU_0096_20240804_1,/home/jovyan/work/Dry-shRub/shrub/Final/artifacts/labeling/shaver-lake/sprint3/original/CAFKU_0096_20240804_1/metrics/CAFKU_0096_20240804_1_metrics.csv,/home/jovyan/work/Dry-shRub/shrub/Final/artifacts/labeling/shaver-lake/sprint3/original/CAFKU_0096_20240804_1/Inventory/CAFKU_0096_20240804_1_inv.csv,/home/jovyan/work/Dry-shRub/shrub/Final/artifacts/labeling/shaver-lake/sprint3/original/CAFKU_0096_20240804_1/Fuels/CAFKU_0096_20240804_1.tif,/home/jovyan/work/Dry-shRub/shrub/Final/artifacts/labeling/shaver-lake/sprint3/original/CAFKU_0096_20240804_1/dtm/CAFKU_0096_20240804_1_dtm.tif,/home/jovyan/work/Dry-shRub/shrub/Final/artifacts/labeling/shaver-lake/sprint3/original/CAFKU_0096_20240804_1/chm/CAFKU_0096_20240804_1_chm.tif,/home/jovyan/work/Dry-shRub/shrub/Final/artifacts/labeling/ptx_cache/shaver-lake/CAFKU_0096_20240804_1.ptx,7,10.088361393491756,1.0,,-10.1515420650706,2.48879931501848,-10.1515420650706,2.48879931501848,True,,297974.07147174474,4108356.991058612,297974.3261251275,4108356.9847981385,65.35866976995021,68.87687521253247
shaver-lake,CAFKU_0096_20240804_1,CAFKU_0096_20240804_1,20240804,2024-08-04,8,-13.5591418134492,1.7109893194536,2.941,4.938,1.253720151379708,observed,581,True,1.0,,1.0,uniform,/home/jovyan/work/Dry-shRub/shrub/Final/artifacts/labeling/shaver-lake/sprint3/original/CAFKU_0096_20240804_1/Shrubs/CAFKU_0096_20240804_1.csv,sprint3_original,original,base,/home/jovyan/work/Dry-shRub/shrub/Final/artifacts/labeling/shaver-lake/sprint3/original/CAFKU_0096_20240804_1,/home/jovyan/work/Dry-shRub/shrub/Final/artifacts/labeling/shaver-lake/sprint3/original/CAFKU_0096_20240804_1/metrics/CAFKU_0096_20240804_1_metrics.csv,/home/jovyan/work/Dry-shRub/shrub/Final/artifacts/labeling/shaver-lake/sprint3/original/CAFKU_0096_20240804_1/Inventory/CAFKU_0096_20240804_1_inv.csv,/home/jovyan/work/Dry-shRub/shrub/Final/artifacts/labeling/shaver-lake/sprint3/original/CAFKU_0096_20240804_1/Fuels/CAFKU_0096_20240804_1.tif,/home/jovyan/work/Dry-shRub/shrub/Final/artifacts/labeling/shaver-lake/sprint3/original/CAFKU_0096_20240804_1/dtm/CAFKU_0096_20240804_1_dtm.tif,/home/jovyan/work/Dry-shRub/shrub/Final/artifacts/labeling/shaver-lake/sprint3/original/CAFKU_0096_20240804_1/chm/CAFKU_0096_20240804_1_chm.tif,/home/jovyan/work/Dry-shRub/shrub/Final/artifacts/labeling/ptx_cache/shaver-lake/CAFKU_0096_20240804_1.ptx,8,7.877356034463949,1.0,,-13.5591418134492,1.7109893194536,-13.5591418134492,1.7109893194536,True,,297977.55765803833,4108356.7409230196,297977.8123786986,4108356.7348116385,65.77531393617392,74.68729783105664
shaver-lake,CAFKU_0096_20240804_1,CAFKU_0096_20240804_1,20240804,2024-08-04,9,-10.8576953683975,0.430150823858003,2.999,7.803,1.5759987442546135,observed,14788,True,1.0,,1.0,uniform,/home/jovyan/work/Dry-shRub/shrub/Final/artifacts/labeling/shaver-lake/sprint3/original/CAFKU_0096_20240804_1/Shrubs/CAFKU_0096_20240804_1.csv,sprint3_original,original,base,/home/jovyan/work/Dry-shRub/shrub/Final/artifacts/labeling/shaver-lake/sprint3/original/CAFKU_0096_20240804_1,/home/jovyan/work/Dry-shRub/shrub/Final/artifacts/labeling/shaver-lake/sprint3/original/CAFKU_0096_20240804_1/metrics/CAFKU_0096_20240804_1_metrics.csv,/home/jovyan/work/Dry-shRub/shrub/Final/artifacts/labeling/shaver-lake/sprint3/original/CAFKU_0096_20240804_1/Inventory/CAFKU_0096_20240804_1_inv.csv,/home/jovyan/work/Dry-shRub/shrub/Final/artifacts/labeling/shaver-lake/sprint3/original/CAFKU_0096_20240804_1/Fuels/CAFKU_0096_20240804_1.tif,/home/jovyan/work/Dry-shRub/shrub/Final/artifacts/labeling/shaver-lake/sprint3/original/CAFKU_0096_20240804_1/dtm/CAFKU_0096_20240804_1_dtm.tif,/home/jovyan/work/Dry-shRub/shrub/Final/artifacts/labeling/shaver-lake/sprint3/original/CAFKU_0096_20240804_1/chm/CAFKU_0096_20240804_1_chm.tif,/home/jovyan/work/Dry-shRub/shrub/Final/artifacts/labeling/ptx_cache/shaver-lake/CAFKU_0096_20240804_1.ptx,9,9.902292154034066,1.0,,-10.8576953683975,0.430150823858003,-10.8576953683975,0.430150823858003,True,,297975.3474708358,4108358.7541435547,297975.60213193146,4108358.747927082,62.42012153100222,71.00355321913958
shaver-lake,CAFKU_0096_20240804_1,CAFKU_0096_20240804_1,20240804,2024-08-04,10,-13.666191006745,-2.20061104494514,2.973,3.455,1.0486947395524575,observed,1157,True,1.0,,1.0,uniform,/home/jovyan/work/Dry-shRub/shrub/Final/artifacts/labeling/shaver-lake/sprint3/original/CAFKU_0096_20240804_1/Shrubs/CAFKU_0096_20240804_1.csv,sprint3_original,original,base,/home/jovyan/work/Dry-shRub/shrub/Final/artifacts/labeling/shaver-lake/sprint3/original/CAFKU_0096_20240804_1,/home/jovyan/work/Dry-shRub/shrub/Final/artifacts/labeling/shaver-lake/sprint3/original/CAFKU_0096_20240804_1/metrics/CAFKU_0096_20240804_1_metrics.csv,/home/jovyan/work/Dry-shRub/shrub/Final/artifacts/labeling/shaver-lake/sprint3/original/CAFKU_0096_20240804_1/Inventory/CAFKU_0096_20240804_1_inv.csv,/home/jovyan/work/Dry-shRub/shrub/Final/artifacts/labeling/shaver-lake/sprint3/original/CAFKU_0096_20240804_1/Fuels/CAFKU_0096_20240804_1.tif,/home/jovyan/work/Dry-shRub/shrub/Final/artifacts/labeling/shaver-lake/sprint3/original/CAFKU_0096_20240804_1/dtm/CAFKU_0096_20240804_1_dtm.tif,/home/jovyan/work/Dry-shRub/shrub/Final/artifacts/labeling/shaver-lake/sprint3/original/CAFKU_0096_20240804_1/chm/CAFKU_0096_20240804_1_chm.tif,/home/jovyan/work/Dry-shRub/shrub/Final/artifacts/labeling/ptx_cache/shaver-lake/CAFKU_0096_20240804_1.ptx,10,6.5891433792725245,1.0,,-13.666191006745,-2.20061104494514,-13.666191006745,-2.20061104494514,True,,297978.8012060428,4108360.4511311622,297979.0559160731,4108360.4450513134,59.59158114530146,76.75986012181966
shaver-lake,CAFKU_0096_20240804_1,CAFKU_0096_20240804_1,20240804,2024-08-04,11,13.3207547312849,-2.96668898827727,2.998,4.86,1.2437789380968078,observed,999,True,1.0,,1.0,uniform,/home/jovyan/work/Dry-shRub/shrub/Final/artifacts/labeling/shaver-lake/sprint3/original/CAFKU_0096_20240804_1/Shrubs/CAFKU_0096_20240804_1.csv,sprint3_original,original,base,/home/jovyan/work/Dry-shRub/shrub/Final/artifacts/labeling/shaver-lake/sprint3/original/CAFKU_0096_20240804_1,/home/jovyan/work/Dry-shRub/shrub/Final/artifacts/labeling/shaver-lake/sprint3/original/CAFKU_0096_20240804_1/metrics/CAFKU_0096_20240804_1_metrics.csv,/home/jovyan/work/Dry-shRub/shrub/Final/artifacts/labeling/shaver-lake/sprint3/original/CAFKU_0096_20240804_1/Inventory/CAFKU_0096_20240804_1_inv.csv,/home/jovyan/work/Dry-shRub/shrub/Final/artifacts/labeling/shaver-lake/sprint3/original/CAFKU_0096_20240804_1/Fuels/CAFKU_0096_20240804_1.tif,/home/jovyan/work/Dry-shRub/shrub/Final/artifacts/labeling/shaver-lake/sprint3/original/CAFKU_0096_20240804_1/dtm/CAFKU_0096_20240804_1_dtm.tif,/home/jovyan/work/Dry-shRub/shrub/Final/artifacts/labeling/shaver-lake/sprint3/original/CAFKU_0096_20240804_1/chm/CAFKU_0096_20240804_1_chm.tif,/home/jovyan/work/Dry-shRub/shrub/Final/artifacts/labeling/ptx_cache/shaver-lake/CAFKU_0096_20240804_1.ptx,11,7.814893549229291,1.0,,13.3207547312849,-2.96668898827727,13.3207547312849,-2.96668898827727,True,,297953.21246834676,4108369.056865824,297953.46662240376,4108369.0496523487,45.25057941954583,34.11103733960772
shaver-lake,CAFKU_0096_20240804_1,CAFKU_0096_20240804_1,20240804,2024-08-04,12,11.9300073289979,-6.03821069983859,2.999,7.312,1.5256086941859883,observed,4686,True,1.0,,1.0,uniform,/home/jovyan/work/Dry-shRub/shrub/Final/artifacts/labeling/shaver-lake/sprint3/original/CAFKU_0096_20240804_1/Shrubs/CAFKU_0096_20240804_1.csv,sprint3_original,original,base,/home/jovyan/work/Dry-shRub/shrub/Final/artifacts/labeling/shaver-lake/sprint3/original/CAFKU_0096_20240804_1,/home/jovyan/work/Dry-shRub/shrub/Final/artifacts/labeling/shaver-lake/sprint3/original/CAFKU_0096_20240804_1/metrics/CAFKU_0096_20240804_1_metrics.csv,/home/jovyan/work/Dry-shRub/shrub/Final/artifacts/labeling/shaver-lake/sprint3/original/CAFKU_0096_20240804_1/Inventory/CAFKU_0096_20240804_1_inv.csv,/home/jovyan/work/Dry-shRub/shrub/Final/artifacts/labeling/shaver-lake/sprint3/original/CAFKU_0096_20240804_1/Fuels/CAFKU_0096_20240804_1.tif,/home/jovyan/work/Dry-shRub/shrub/Final/artifacts/labeling/shaver-lake/sprint3/original/CAFKU_0096_20240804_1/dtm/CAFKU_0096_20240804_1_dtm.tif,/home/jovyan/work/Dry-shRub/shrub/Final/artifacts/labeling/shaver-lake/sprint3/original/CAFKU_0096_20240804_1/chm/CAFKU_0096_20240804_1_chm.tif,/home/jovyan/work/Dry-shRub/shrub/Final/artifacts/labeling/ptx_cache/shaver-lake/CAFKU_0096_20240804_1.ptx,12,9.585682131814838,1.0,,11.9300073289979,-6.03821069983859,11.9300073289979,-6.03821069983859,True,,297955.43875443493,4108371.589043286,297955.6929268597,4108371.5819095555,41.03015074133873,37.821544766193256
shaver-lake,CAFKU_0096_20240804_1,CAFKU_0096_20240804_1,20240804,2024-08-04,13,12.6703052250129,-7.34524996017402,2.929,0.746,0.4872978299696273,observed,225,True,1.0,,1.0,uniform,/home/jovyan/work/Dry-shRub/shrub/Final/artifacts/labeling/shaver-lake/sprint3/original/CAFKU_0096_20240804_1/Shrubs/CAFKU_0096_20240804_1.csv,sprint3_original,original,base,/home/jovyan/work/Dry-shRub/shrub/Final/artifacts/labeling/shaver-lake/sprint3/original/CAFKU_0096_20240804_1,/home/jovyan/work/Dry-shRub/shrub/Final/artifacts/labeling/shaver-lake/sprint3/original/CAFKU_0096_20240804_1/metrics/CAFKU_0096_20240804_1_metrics.csv,/home/jovyan/work/Dry-shRub/shrub/Final/artifacts/labeling/shaver-lake/sprint3/original/CAFKU_0096_20240804_1/Inventory/CAFKU_0096_20240804_1_inv.csv,/home/jovyan/work/Dry-shRub/shrub/Final/artifacts/labeling/shaver-lake/sprint3/original/CAFKU_0096_20240804_1/Fuels/CAFKU_0096_20240804_1.tif,/home/jovyan/work/Dry-shRub/shrub/Final/artifacts/labeling/shaver-lake/sprint3/original/CAFKU_0096_20240804_1/dtm/CAFKU_0096_20240804_1_dtm.tif,/home/jovyan/work/Dry-shRub/shrub/Final/artifacts/labeling/shaver-lake/sprint3/original/CAFKU_0096_20240804_1/chm/CAFKU_0096_20240804_1_chm.tif,/home/jovyan/work/Dry-shRub/shrub/Final/artifacts/labeling/ptx_cache/shaver-lake/CAFKU_0096_20240804_1.ptx,13,3.0617825654856587,1.0,,12.6703052250129,-7.34524996017402,12.6703052250129,-7.34524996017402,True,,297955.1119926787,4108373.0551930508,297955.36614557984,4108373.0480369963,38.586605006828904,37.27690929977689
shaver-lake,CAFKU_0096_20240804_1,CAFKU_0096_20240804_1,20240804,2024-08-04,14,11.4969370326259,-8.3903385960951,2.998,1.741,0.744430998713769,observed,878,True,1.0,,1.0,uniform,/home/jovyan/work/Dry-shRub/shrub/Final/artifacts/labeling/shaver-lake/sprint3/original/CAFKU_0096_20240804_1/Shrubs/CAFKU_0096_20240804_1.csv,sprint3_original,original,base,/home/jovyan/work/Dry-shRub/shrub/Final/artifacts/labeling/shaver-lake/sprint3/original/CAFKU_0096_20240804_1,/home/jovyan/work/Dry-shRub/shrub/Final/artifacts/labeling/shaver-lake/sprint3/original/CAFKU_0096_20240804_1/metrics/CAFKU_0096_20240804_1_metrics.csv,/home/jovyan/work/Dry-shRub/shrub/Final/artifacts/labeling/shaver-lake/sprint3/original/CAFKU_0096_20240804_1/Inventory/CAFKU_0096_20240804_1_inv.csv,/home/jovyan/work/Dry-shRub/shrub/Final/artifacts/labeling/shaver-lake/sprint3/original/CAFKU_0096_20240804_1/Fuels/CAFKU_0096_20240804_1.tif,/home/jovyan/work/Dry-shRub/shrub/Final/artifacts/labeling/shaver-lake/sprint3/original/CAFKU_0096_20240804_1/dtm/CAFKU_0096_20240804_1_dtm.tif,/home/jovyan/work/Dry-shRub/shrub/Final/artifacts/labeling/shaver-lake/sprint3/original/CAFKU_0096_20240804_1/chm/CAFKU_0096_20240804_1_chm.tif,/home/jovyan/work/Dry-shRub/shrub/Final/artifacts/labeling/ptx_cache/shaver-lake/CAFKU_0096_20240804_1.ptx,14,4.677397913327379,1.0,,11.4969370326259,-8.3903385960951,11.4969370326259,-8.3903385960951,True,,297956.53917635046,4108373.712508018,297956.7933498734,4108373.7054086607,37.490985565818846,39.6555831223377
shaver-lake,CAFKU_0096_20240804_1,CAFKU_0096_20240804_1,20240804,2024-08-04,15,-11.8185377267366,-8.76171438278367,2.999,0.993,0.5622114521961502,observed,370,True,1.0,,1.0,uniform,/home/jovyan/work/Dry-shRub/shrub/Final/artifacts/labeling/shaver-lake/sprint3/original/CAFKU_0096_20240804_1/Shrubs/CAFKU_0096_20240804_1.csv,sprint3_original,original,base,/home/jovyan/work/Dry-shRub/shrub/Final/artifacts/labeling/shaver-lake/sprint3/original/CAFKU_0096_20240804_1,/home/jovyan/work/Dry-shRub/shrub/Final/artifacts/labeling/shaver-lake/sprint3/original/CAFKU_0096_20240804_1/metrics/CAFKU_0096_20240804_1_metrics.csv,/home/jovyan/work/Dry-shRub/shrub/Final/artifacts/labeling/shaver-lake/sprint3/original/CAFKU_0096_20240804_1/Inventory/CAFKU_0096_20240804_1_inv.csv,/home/jovyan/work/Dry-shRub/shrub/Final/artifacts/labeling/shaver-lake/sprint3/original/CAFKU_0096_20240804_1/Fuels/CAFKU_0096_20240804_1.tif,/home/jovyan/work/Dry-shRub/shrub/Final/artifacts/labeling/shaver-lake/sprint3/original/CAFKU_0096_20240804_1/dtm/CAFKU_0096_20240804_1_dtm.tif,/home/jovyan/work/Dry-shRub/shrub/Final/artifacts/labeling/shaver-lake/sprint3/original/CAFKU_0096_20240804_1/chm/CAFKU_0096_20240804_1_chm.tif,/home/jovyan/work/Dry-shRub/shrub/Final/artifacts/labeling/ptx_cache/shaver-lake/CAFKU_0096_20240804_1.ptx,15,3.53247873596695,1.0,,-11.8185377267366,-8.76171438278367,-11.8185377267366,-8.76171438278367,True,,297978.9480958669,4108367.265834817,297979.2027464952,4108367.2597222277,48.233796287328005,77.0045774920145
shaver-lake,CAFKU_0096_20240804_1,CAFKU_0096_20240804_1,20240804,2024-08-04,16,9.25889759308601,-11.5612510633212,2.492,0.142,0.2126029252811406,observed,52,True,0.8,,1.0,uniform,/home/jovyan/work/Dry-shRub/shrub/Final/artifacts/labeling/shaver-lake/sprint3/original/CAFKU_0096_20240804_1/Shrubs/CAFKU_0096_20240804_1.csv,sprint3_original,original,base,/home/jovyan/work/Dry-shRub/shrub/Final/artifacts/labeling/shaver-lake/sprint3/original/CAFKU_0096_20240804_1,/home/jovyan/work/Dry-shRub/shrub/Final/artifacts/labeling/shaver-lake/sprint3/original/CAFKU_0096_20240804_1/metrics/CAFKU_0096_20240804_1_metrics.csv,/home/jovyan/work/Dry-shRub/shrub/Final/artifacts/labeling/shaver-lake/sprint3/original/CAFKU_0096_20240804_1/Inventory/CAFKU_0096_20240804_1_inv.csv,/home/jovyan/work/Dry-shRub/shrub/Final/artifacts/labeling/shaver-lake/sprint3/original/CAFKU_0096_20240804_1/Fuels/CAFKU_0096_20240804_1.tif,/home/jovyan/work/Dry-shRub/shrub/Final/artifacts/labeling/shaver-lake/sprint3/original/CAFKU_0096_20240804_1/dtm/CAFKU_0096_20240804_1_dtm.tif,/home/jovyan/work/Dry-shRub/shrub/Final/artifacts/labeling/shaver-lake/sprint3/original/CAFKU_0096_20240804_1/chm/CAFKU_0096_20240804_1_chm.tif,/home/jovyan/work/Dry-shRub/shrub/Final/artifacts/labeling/ptx_cache/shaver-lake/CAFKU_0096_20240804_1.ptx,16,1.3358235763898625,1.0000000000000002,,9.25889759308601,-11.5612510633212,9.25889759308601,-11.5612510633212,True,,297959.60486866167,4108376.0925694914,297959.8590776276,4108376.085586318,33.52402280457318,44.765129379346035
shaver-lake,CAFKU_0096_20240804_1,CAFKU_0096_20240804_1,20240804,2024-08-04,17,9.53594411451195,-11.5302876503731,2.344,0.001,0.0178412411615277,observed,8,True,0.8,,1.0,uniform,/home/jovyan/work/Dry-shRub/shrub/Final/artifacts/labeling/shaver-lake/sprint3/original/CAFKU_0096_20240804_1/Shrubs/CAFKU_0096_20240804_1.csv,sprint3_original,original,base,/home/jovyan/work/Dry-shRub/shrub/Final/artifacts/labeling/shaver-lake/sprint3/original/CAFKU_0096_20240804_1,/home/jovyan/work/Dry-shRub/shrub/Final/artifacts/labeling/shaver-lake/sprint3/original/CAFKU_0096_20240804_1/metrics/CAFKU_0096_20240804_1_metrics.csv,/home/jovyan/work/Dry-shRub/shrub/Final/artifacts/labeling/shaver-lake/sprint3/original/CAFKU_0096_20240804_1/Inventory/CAFKU_0096_20240804_1_inv.csv,/home/jovyan/work/Dry-shRub/shrub/Final/artifacts/labeling/shaver-lake/sprint3/original/CAFKU_0096_20240804_1/Fuels/CAFKU_0096_20240804_1.tif,/home/jovyan/work/Dry-shRub/shrub/Final/artifacts/labeling/shaver-lake/sprint3/original/CAFKU_0096_20240804_1/dtm/CAFKU_0096_20240804_1_dtm.tif,/home/jovyan/work/Dry-shRub/shrub/Final/artifacts/labeling/shaver-lake/sprint3/original/CAFKU_0096_20240804_1/chm/CAFKU_0096_20240804_1_chm.tif,/home/jovyan/work/Dry-shRub/shrub/Final/artifacts/labeling/ptx_cache/shaver-lake/CAFKU_0096_20240804_1.ptx,17,0.1120998243279585,1.0,,9.53594411451195,-11.5302876503731,9.53594411451195,-11.5302876503731,True,,297959.3308485251,4108376.1437766617,297959.5850519084,4108376.1367815747,33.438697376288474,44.30841984733706
shaver-lake,CAFKU_0096_20240804_1,CAFKU_0096_20240804_1,20240804,2024-08-04,18,-6.43882166669591,-12.5116118151063,2.999,5.614,1.336784089161672,observed,2929,True,1.0,,1.0,uniform,/home/jovyan/work/Dry-shRub/shrub/Final/artifacts/labeling/shaver-lake/sprint3/original/CAFKU_0096_20240804_1/Shrubs/CAFKU_0096_20240804_1.csv,sprint3_original,original,base,/home/jovyan/work/Dry-shRub/shrub/Final/artifacts/labeling/shaver-lake/sprint3/original/CAFKU_0096_20240804_1,/home/jovyan/work/Dry-shRub/shrub/Final/artifacts/labeling/shaver-lake/sprint3/original/CAFKU_0096_20240804_1/metrics/CAFKU_0096_20240804_1_metrics.csv,/home/jovyan/work/Dry-shRub/shrub/Final/artifacts/labeling/shaver-lake/sprint3/original/CAFKU_0096_20240804_1/Inventory/CAFKU_0096_20240804_1_inv.csv,/home/jovyan/work/Dry-shRub/shrub/Final/artifacts/labeling/shaver-lake/sprint3/original/CAFKU_0096_20240804_1/Fuels/CAFKU_0096_20240804_1.tif,/home/jovyan/work/Dry-shRub/shrub/Final/artifacts/labeling/shaver-lake/sprint3/original/CAFKU_0096_20240804_1/dtm/CAFKU_0096_20240804_1_dtm.tif,/home/jovyan/work/Dry-shRub/shrub/Final/artifacts/labeling/shaver-lake/sprint3/original/CAFKU_0096_20240804_1/chm/CAFKU_0096_20240804_1_chm.tif,/home/jovyan/work/Dry-shRub/shrub/Final/artifacts/labeling/ptx_cache/shaver-lake/CAFKU_0096_20240804_1.ptx,18,8.399262147892063,1.0,,-6.43882166669591,-12.5116118151063,-6.43882166669591,-12.5116118151063,True,,297974.89653729444,4108372.422044917,297975.15106525674,4108372.4157310403,39.640448266640306,70.25177542789606
shaver-lake,CAFKU_0096_20240804_1,CAFKU_0096_20240804_1,20240804,2024-08-04,14,5.76014014225863,3.72555448045318,0.044,0.197,0.250413752773698,observed,219,True,1.0,,1.0,uniform,/home/jovyan/work/Dry-shRub/shrub/Final/artifacts/labeling/shaver-lake/sprint3/revised/CAFKU_0096_20240804_1/Shrubs/CAFKU_0096_20240804_1.csv,sprint3_revised,revised,base,/home/jovyan/work/Dry-shRub/shrub/Final/artifacts/labeling/shaver-lake/sprint3/revised/CAFKU_0096_20240804_1,/home/jovyan/work/Dry-shRub/shrub/Final/artifacts/labeling/shaver-lake/sprint3/revised/CAFKU_0096_20240804_1/metrics/CAFKU_0096_20240804_1_metrics.csv,/home/jovyan/work/Dry-shRub/shrub/Final/artifacts/labeling/shaver-lake/sprint3/revised/CAFKU_0096_20240804_1/Inventory/CAFKU_0096_20240804_1_inv.csv,/home/jovyan/work/Dry-shRub/shrub/Final/artifacts/labeling/shaver-lake/sprint3/revised/CAFKU_0096_20240804_1/Fuels/CAFKU_0096_20240804_1.tif,/home/jovyan/work/Dry-shRub/shrub/Final/artifacts/labeling/shaver-lake/sprint3/revised/CAFKU_0096_20240804_1/dtm/CAFKU_0096_20240804_1_dtm.tif,/home/jovyan/work/Dry-shRub/shrub/Final/artifacts/labeling/shaver-lake/sprint3/revised/CAFKU_0096_20240804_1/chm/CAFKU_0096_20240804_1_chm.tif,/home/jovyan/work/Dry-shRub/shrub/Final/artifacts/labeling/ptx_cache/shaver-lake/CAFKU_0096_20240804_1.ptx,1,1.573396012143401,1.0,,5.76014014225863,3.72555448045318,5.76014014225863,3.72555448045318,True,,297958.4916019105,4108360.450067555,297958.7459331916,4108360.443127279,56.5947878677398,36.90988865273539
shaver-lake,CAFKU_0096_20240804_1,CAFKU_0096_20240804_1,20240804,2024-08-04,15,1.74370021162115,2.74301940131354,0.17,0.236,0.2740823473691339,observed,1379,True,1.0,,1.0,uniform,/home/jovyan/work/Dry-shRub/shrub/Final/artifacts/labeling/shaver-lake/sprint3/revised/CAFKU_0096_20240804_1/Shrubs/CAFKU_0096_20240804_1.csv,sprint3_revised,revised,base,/home/jovyan/work/Dry-shRub/shrub/Final/artifacts/labeling/shaver-lake/sprint3/revised/CAFKU_0096_20240804_1,/home/jovyan/work/Dry-shRub/shrub/Final/artifacts/labeling/shaver-lake/sprint3/revised/CAFKU_0096_20240804_1/metrics/CAFKU_0096_20240804_1_metrics.csv,/home/jovyan/work/Dry-shRub/shrub/Final/artifacts/labeling/shaver-lake/sprint3/revised/CAFKU_0096_20240804_1/Inventory/CAFKU_0096_20240804_1_inv.csv,/home/jovyan/work/Dry-shRub/shrub/Final/artifacts/labeling/shaver-lake/sprint3/revised/CAFKU_0096_20240804_1/Fuels/CAFKU_0096_20240804_1.tif,/home/jovyan/work/Dry-shRub/shrub/Final/artifacts/labeling/shaver-lake/sprint3/revised/CAFKU_0096_20240804_1/dtm/CAFKU_0096_20240804_1_dtm.tif,/home/jovyan/work/Dry-shRub/shrub/Final/artifacts/labeling/shaver-lake/sprint3/revised/CAFKU_0096_20240804_1/chm/CAFKU_0096_20240804_1_chm.tif,/home/jovyan/work/Dry-shRub/shrub/Final/artifacts/labeling/ptx_cache/shaver-lake/CAFKU_0096_20240804_1.ptx,2,1.7221101779470338,1.0,,1.74370021162115,2.74301940131354,1.74370021162115,2.74301940131354,True,,297962.61985206377,4108360.2181323227,297962.87426245364,4108360.2113682874,56.98105285409838,43.79043742275098
shaver-lake,CAFKU_0096_20240804_1,CAFKU_0096_20240804_1,20240804,2024-08-04,20,-2.24171444910353,0.234101421382717,0.632,0.23,0.2705758189903005,observed,4055,True,1.0,,1.0,uniform,/home/jovyan/work/Dry-shRub/shrub/Final/artifacts/labeling/shaver-lake/sprint3/revised/CAFKU_0096_20240804_1/Shrubs/CAFKU_0096_20240804_1.csv,sprint3_revised,revised,base,/home/jovyan/work/Dry-shRub/shrub/Final/artifacts/labeling/shaver-lake/sprint3/revised/CAFKU_0096_20240804_1,/home/jovyan/work/Dry-shRub/shrub/Final/artifacts/labeling/shaver-lake/sprint3/revised/CAFKU_0096_20240804_1/metrics/CAFKU_0096_20240804_1_metrics.csv,/home/jovyan/work/Dry-shRub/shrub/Final/artifacts/labeling/shaver-lake/sprint3/revised/CAFKU_0096_20240804_1/Inventory/CAFKU_0096_20240804_1_inv.csv,/home/jovyan/work/Dry-shRub/shrub/Final/artifacts/labeling/shaver-lake/sprint3/revised/CAFKU_0096_20240804_1/Fuels/CAFKU_0096_20240804_1.tif,/home/jovyan/work/Dry-shRub/shrub/Final/artifacts/labeling/shaver-lake/sprint3/revised/CAFKU_0096_20240804_1/dtm/CAFKU_0096_20240804_1_dtm.tif,/home/jovyan/work/Dry-shRub/shrub/Final/artifacts/labeling/shaver-lake/sprint3/revised/CAFKU_0096_20240804_1/chm/CAFKU_0096_20240804_1_chm.tif,/home/jovyan/work/Dry-shRub/shrub/Final/artifacts/labeling/ptx_cache/shaver-lake/CAFKU_0096_20240804_1.ptx,3,1.7000780103579394,1.0,,-2.24171444910353,0.234101421382717,-2.24171444910353,0.234101421382717,True,,297967.16372981446,4108361.4552303776,297967.4182136456,4108361.4486517757,54.91891370713711,51.363689409336075
shaver-lake,CAFKU_0096_20240804_1,CAFKU_0096_20240804_1,20240804,2024-08-04,21,4.75132954601481,0.254047006080959,0.573,0.24,0.2763953195770683,observed,2075,True,1.0,,1.0,uniform,/home/jovyan/work/Dry-shRub/shrub/Final/artifacts/labeling/shaver-lake/sprint3/revised/CAFKU_0096_20240804_1/Shrubs/CAFKU_0096_20240804_1.csv,sprint3_revised,revised,base,/home/jovyan/work/Dry-shRub/shrub/Final/artifacts/labeling/shaver-lake/sprint3/revised/CAFKU_0096_20240804_1,/home/jovyan/work/Dry-shRub/shrub/Final/artifacts/labeling/shaver-lake/sprint3/revised/CAFKU_0096_20240804_1/metrics/CAFKU_0096_20240804_1_metrics.csv,/home/jovyan/work/Dry-shRub/shrub/Final/artifacts/labeling/shaver-lake/sprint3/revised/CAFKU_0096_20240804_1/Inventory/CAFKU_0096_20240804_1_inv.csv,/home/jovyan/work/Dry-shRub/shrub/Final/artifacts/labeling/shaver-lake/sprint3/revised/CAFKU_0096_20240804_1/Fuels/CAFKU_0096_20240804_1.tif,/home/jovyan/work/Dry-shRub/shrub/Final/artifacts/labeling/shaver-lake/sprint3/revised/CAFKU_0096_20240804_1/dtm/CAFKU_0096_20240804_1_dtm.tif,/home/jovyan/work/Dry-shRub/shrub/Final/artifacts/labeling/shaver-lake/sprint3/revised/CAFKU_0096_20240804_1/chm/CAFKU_0096_20240804_1_chm.tif,/home/jovyan/work/Dry-shRub/shrub/Final/artifacts/labeling/ptx_cache/shaver-lake/CAFKU_0096_20240804_1.ptx,4,1.7366430109398423,1.0,,4.75132954601481,0.254047006080959,4.75132954601481,0.254047006080959,True,,297960.46926716634,4108363.4762541694,297960.72360766534,4108363.469380336,51.55103277321905,40.20601277559763
shaver-lake,CAFKU_0096_20240804_1,CAFKU_0096_20240804_1,20240804,2024-08-04,23,7.77045775478508,-0.266542920638155,0.441,0.216,0.2622116233420989,observed,321,True,1.0,,1.0,uniform,/home/jovyan/work/Dry-shRub/shrub/Final/artifacts/labeling/shaver-lake/sprint3/revised/CAFKU_0096_20240804_1/Shrubs/CAFKU_0096_20240804_1.csv,sprint3_revised,revised,base,/home/jovyan/work/Dry-shRub/shrub/Final/artifacts/labeling/shaver-lake/sprint3/revised/CAFKU_0096_20240804_1,/home/jovyan/work/Dry-shRub/shrub/Final/artifacts/labeling/shaver-lake/sprint3/revised/CAFKU_0096_20240804_1/metrics/CAFKU_0096_20240804_1_metrics.csv,/home/jovyan/work/Dry-shRub/shrub/Final/artifacts/labeling/shaver-lake/sprint3/revised/CAFKU_0096_20240804_1/Inventory/CAFKU_0096_20240804_1_inv.csv,/home/jovyan/work/Dry-shRub/shrub/Final/artifacts/labeling/shaver-lake/sprint3/revised/CAFKU_0096_20240804_1/Fuels/CAFKU_0096_20240804_1.tif,/home/jovyan/work/Dry-shRub/shrub/Final/artifacts/labeling/shaver-lake/sprint3/revised/CAFKU_0096_20240804_1/dtm/CAFKU_0096_20240804_1_dtm.tif,/home/jovyan/work/Dry-shRub/shrub/Final/artifacts/labeling/shaver-lake/sprint3/revised/CAFKU_0096_20240804_1/chm/CAFKU_0096_20240804_1_chm.tif,/home/jovyan/work/Dry-shRub/shrub/Final/artifacts/labeling/ptx_cache/shaver-lake/CAFKU_0096_20240804_1.ptx,5,1.647524219154784,1.0,,7.77045775478508,-0.266542920638155,7.77045775478508,-0.266542920638155,True,,297957.7334339328,4108364.854976723,297957.9877107948,4108364.8479790413,49.25336826406419,35.6461846579914
shaver-lake,CAFKU_0096_20240804_1,CAFKU_0096_20240804_1,20240804,2024-08-04,25,2.24730058162599,-0.7434661361857,0.441,0.238,0.2752412630979268,observed,1370,True,1.0,,1.0,uniform,/home/jovyan/work/Dry-shRub/shrub/Final/artifacts/labeling/shaver-lake/sprint3/revised/CAFKU_0096_20240804_1/Shrubs/CAFKU_0096_20240804_1.csv,sprint3_revised,revised,base,/home/jovyan/work/Dry-shRub/shrub/Final/artifacts/labeling/shaver-lake/sprint3/revised/CAFKU_0096_20240804_1,/home/jovyan/work/Dry-shRub/shrub/Final/artifacts/labeling/shaver-lake/sprint3/revised/CAFKU_0096_20240804_1/metrics/CAFKU_0096_20240804_1_metrics.csv,/home/jovyan/work/Dry-shRub/shrub/Final/artifacts/labeling/shaver-lake/sprint3/revised/CAFKU_0096_20240804_1/Inventory/CAFKU_0096_20240804_1_inv.csv,/home/jovyan/work/Dry-shRub/shrub/Final/artifacts/labeling/shaver-lake/sprint3/revised/CAFKU_0096_20240804_1/Fuels/CAFKU_0096_20240804_1.tif,/home/jovyan/work/Dry-shRub/shrub/Final/artifacts/labeling/shaver-lake/sprint3/revised/CAFKU_0096_20240804_1/dtm/CAFKU_0096_20240804_1_dtm.tif,/home/jovyan/work/Dry-shRub/shrub/Final/artifacts/labeling/shaver-lake/sprint3/revised/CAFKU_0096_20240804_1/chm/CAFKU_0096_20240804_1_chm.tif,/home/jovyan/work/Dry-shRub/shrub/Final/artifacts/labeling/ptx_cache/shaver-lake/CAFKU_0096_20240804_1.ptx,6,1.7293918602264449,1.0,,2.24730058162599,-0.7434661361857,2.24730058162599,-0.7434661361857,True,,297963.1553097455,4108363.699865613,297963.4096983083,4108363.6931043137,51.17815947718918,44.682830513920635
shaver-lake,CAFKU_0096_20240804_1,CAFKU_0096_20240804_1,20240804,2024-08-04,27,-7.75404792497748,-2.2553799559345,0.151,0.189,0.2452765143439877,observed,115,True,1.0,,1.0,uniform,/home/jovyan/work/Dry-shRub/shrub/Final/artifacts/labeling/shaver-lake/sprint3/revised/CAFKU_0096_20240804_1/Shrubs/CAFKU_0096_20240804_1.csv,sprint3_revised,revised,base,/home/jovyan/work/Dry-shRub/shrub/Final/artifacts/labeling/shaver-lake/sprint3/revised/CAFKU_0096_20240804_1,/home/jovyan/work/Dry-shRub/shrub/Final/artifacts/labeling/shaver-lake/sprint3/revised/CAFKU_0096_20240804_1/metrics/CAFKU_0096_20240804_1_metrics.csv,/home/jovyan/work/Dry-shRub/shrub/Final/artifacts/labeling/shaver-lake/sprint3/revised/CAFKU_0096_20240804_1/Inventory/CAFKU_0096_20240804_1_inv.csv,/home/jovyan/work/Dry-shRub/shrub/Final/artifacts/labeling/shaver-lake/sprint3/revised/CAFKU_0096_20240804_1/Fuels/CAFKU_0096_20240804_1.tif,/home/jovyan/work/Dry-shRub/shrub/Final/artifacts/labeling/shaver-lake/sprint3/revised/CAFKU_0096_20240804_1/dtm/CAFKU_0096_20240804_1_dtm.tif,/home/jovyan/work/Dry-shRub/shrub/Final/artifacts/labeling/shaver-lake/sprint3/revised/CAFKU_0096_20240804_1/chm/CAFKU_0096_20240804_1_chm.tif,/home/jovyan/work/Dry-shRub/shrub/Final/artifacts/labeling/ptx_cache/shaver-lake/CAFKU_0096_20240804_1.ptx,7,1.541117791122367,1.0,,-7.75404792497748,-2.2553799559345,-7.75404792497748,-2.2553799559345,True,,297973.162390755,4108362.228284754,297973.4169794131,4108362.221955876,53.6300735399127,61.36163235513959
shaver-lake,CAFKU_0096_20240804_1,CAFKU_0096_20240804_1,20240804,2024-08-04,28,-0.243952384529446,-2.24741965832926,0.312,0.226,0.2682126661392722,observed,3512,True,1.0,,1.0,uniform,/home/jovyan/work/Dry-shRub/shrub/Final/artifacts/labeling/shaver-lake/sprint3/revised/CAFKU_0096_20240804_1/Shrubs/CAFKU_0096_20240804_1.csv,sprint3_revised,revised,base,/home/jovyan/work/Dry-shRub/shrub/Final/artifacts/labeling/shaver-lake/sprint3/revised/CAFKU_0096_20240804_1,/home/jovyan/work/Dry-shRub/shrub/Final/artifacts/labeling/shaver-lake/sprint3/revised/CAFKU_0096_20240804_1/metrics/CAFKU_0096_20240804_1_metrics.csv,/home/jovyan/work/Dry-shRub/shrub/Final/artifacts/labeling/shaver-lake/sprint3/revised/CAFKU_0096_20240804_1/Inventory/CAFKU_0096_20240804_1_inv.csv,/home/jovyan/work/Dry-shRub/shrub/Final/artifacts/labeling/shaver-lake/sprint3/revised/CAFKU_0096_20240804_1/Fuels/CAFKU_0096_20240804_1.tif,/home/jovyan/work/Dry-shRub/shrub/Final/artifacts/labeling/shaver-lake/sprint3/revised/CAFKU_0096_20240804_1/dtm/CAFKU_0096_20240804_1_dtm.tif,/home/jovyan/work/Dry-shRub/shrub/Final/artifacts/labeling/shaver-lake/sprint3/revised/CAFKU_0096_20240804_1/chm/CAFKU_0096_20240804_1_chm.tif,/home/jovyan/work/Dry-shRub/shrub/Final/artifacts/labeling/ptx_cache/shaver-lake/CAFKU_0096_20240804_1.ptx,8,1.6852298830857388,1.0,,-0.243952384529446,-2.24741965832926,-0.243952384529446,-2.24741965832926,True,,297965.97687985003,4108364.4116134476,297966.23131454346,4108364.404967623,49.991720627993345,49.38552423910005
shaver-lake,CAFKU_0096_20240804_1,CAFKU_0096_20240804_1,20240804,2024-08-04,29,6.24484939128224,-2.24889881870754,0.418,0.233,0.2723347269094106,observed,572,True,1.0,,1.0,uniform,/home/jovyan/work/Dry-shRub/shrub/Final/artifacts/labeling/shaver-lake/sprint3/revised/CAFKU_0096_20240804_1/Shrubs/CAFKU_0096_20240804_1.csv,sprint3_revised,revised,base,/home/jovyan/work/Dry-shRub/shrub/Final/artifacts/labeling/shaver-lake/sprint3/revised/CAFKU_0096_20240804_1,/home/jovyan/work/Dry-shRub/shrub/Final/artifacts/labeling/shaver-lake/sprint3/revised/CAFKU_0096_20240804_1/metrics/CAFKU_0096_20240804_1_metrics.csv,/home/jovyan/work/Dry-shRub/shrub/Final/artifacts/labeling/shaver-lake/sprint3/revised/CAFKU_0096_20240804_1/Inventory/CAFKU_0096_20240804_1_inv.csv,/home/jovyan/work/Dry-shRub/shrub/Final/artifacts/labeling/shaver-lake/sprint3/revised/CAFKU_0096_20240804_1/Fuels/CAFKU_0096_20240804_1.tif,/home/jovyan/work/Dry-shRub/shrub/Final/artifacts/labeling/shaver-lake/sprint3/revised/CAFKU_0096_20240804_1/dtm/CAFKU_0096_20240804_1_dtm.tif,/home/jovyan/work/Dry-shRub/shrub/Final/artifacts/labeling/shaver-lake/sprint3/revised/CAFKU_0096_20240804_1/chm/CAFKU_0096_20240804_1_chm.tif,/home/jovyan/work/Dry-shRub/shrub/Final/artifacts/labeling/ptx_cache/shaver-lake/CAFKU_0096_20240804_1.ptx,9,1.7111295547519736,1.0,,6.24484939128224,-2.24889881870754,6.24484939128224,-2.24889881870754,True,,297959.7709606525,4108366.30602587,297960.0252622552,4108366.2991061914,46.834823014214635,39.04210375872208
shaver-lake,CAFKU_0096_20240804_1,CAFKU_0096_20240804_1,20240804,2024-08-04,31,1.27309755946688,-2.72965170180673,0.764,0.21,0.2585441472913205,observed,2017,True,1.0,,1.0,uniform,/home/jovyan/work/Dry-shRub/shrub/Final/artifacts/labeling/shaver-lake/sprint3/revised/CAFKU_0096_20240804_1/Shrubs/CAFKU_0096_20240804_1.csv,sprint3_revised,revised,base,/home/jovyan/work/Dry-shRub/shrub/Final/artifacts/labeling/shaver-lake/sprint3/revised/CAFKU_0096_20240804_1,/home/jovyan/work/Dry-shRub/shrub/Final/artifacts/labeling/shaver-lake/sprint3/revised/CAFKU_0096_20240804_1/metrics/CAFKU_0096_20240804_1_metrics.csv,/home/jovyan/work/Dry-shRub/shrub/Final/artifacts/labeling/shaver-lake/sprint3/revised/CAFKU_0096_20240804_1/Inventory/CAFKU_0096_20240804_1_inv.csv,/home/jovyan/work/Dry-shRub/shrub/Final/artifacts/labeling/shaver-lake/sprint3/revised/CAFKU_0096_20240804_1/Fuels/CAFKU_0096_20240804_1.tif,/home/jovyan/work/Dry-shRub/shrub/Final/artifacts/labeling/shaver-lake/sprint3/revised/CAFKU_0096_20240804_1/dtm/CAFKU_0096_20240804_1_dtm.tif,/home/jovyan/work/Dry-shRub/shrub/Final/artifacts/labeling/shaver-lake/sprint3/revised/CAFKU_0096_20240804_1/chm/CAFKU_0096_20240804_1_chm.tif,/home/jovyan/work/Dry-shRub/shrub/Final/artifacts/labeling/ptx_cache/shaver-lake/CAFKU_0096_20240804_1.ptx,10,1.6244807875180998,1.0000000000000002,,1.27309755946688,-2.72965170180673,1.27309755946688,-2.72965170180673,True,,297964.6665505027,4108365.315440964,297964.92095249554,4108365.3087344286,48.48544261883944,47.20158749260008
shaver-lake,CAFKU_0096_20240804_1,CAFKU_0096_20240804_1,20240804,2024-08-04,32,9.73210591261027,-2.75939806105679,0.282,0.21,0.2585441472913205,observed,267,True,1.0,,1.0,uniform,/home/jovyan/work/Dry-shRub/shrub/Final/artifacts/labeling/shaver-lake/sprint3/revised/CAFKU_0096_20240804_1/Shrubs/CAFKU_0096_20240804_1.csv,sprint3_revised,revised,base,/home/jovyan/work/Dry-shRub/shrub/Final/artifacts/labeling/shaver-lake/sprint3/revised/CAFKU_0096_20240804_1,/home/jovyan/work/Dry-shRub/shrub/Final/artifacts/labeling/shaver-lake/sprint3/revised/CAFKU_0096_20240804_1/metrics/CAFKU_0096_20240804_1_metrics.csv,/home/jovyan/work/Dry-shRub/shrub/Final/artifacts/labeling/shaver-lake/sprint3/revised/CAFKU_0096_20240804_1/Inventory/CAFKU_0096_20240804_1_inv.csv,/home/jovyan/work/Dry-shRub/shrub/Final/artifacts/labeling/shaver-lake/sprint3/revised/CAFKU_0096_20240804_1/Fuels/CAFKU_0096_20240804_1.tif,/home/jovyan/work/Dry-shRub/shrub/Final/artifacts/labeling/shaver-lake/sprint3/revised/CAFKU_0096_20240804_1/dtm/CAFKU_0096_20240804_1_dtm.tif,/home/jovyan/work/Dry-shRub/shrub/Final/artifacts/labeling/shaver-lake/sprint3/revised/CAFKU_0096_20240804_1/chm/CAFKU_0096_20240804_1_chm.tif,/home/jovyan/work/Dry-shRub/shrub/Final/artifacts/labeling/ptx_cache/shaver-lake/CAFKU_0096_20240804_1.ptx,11,1.6244807875180998,1.0000000000000002,,9.73210591261027,-2.75939806105679,9.73210591261027,-2.75939806105679,True,,297956.5844324378,4108367.811665181,297956.83866081457,4108367.804601795,44.325663674622774,33.731101357610896
shaver-lake,CAFKU_0096_20240804_1,CAFKU_0096_20240804_1,20240804,2024-08-04,34,-8.67357005238244,-3.76659744624729,0.4,1.19,0.6154581744998687,observed,634,True,1.0,,1.0,uniform,/home/jovyan/work/Dry-shRub/shrub/Final/artifacts/labeling/shaver-lake/sprint3/revised/CAFKU_0096_20240804_1/Shrubs/CAFKU_0096_20240804_1.csv,sprint3_revised,revised,base,/home/jovyan/work/Dry-shRub/shrub/Final/artifacts/labeling/shaver-lake/sprint3/revised/CAFKU_0096_20240804_1,/home/jovyan/work/Dry-shRub/shrub/Final/artifacts/labeling/shaver-lake/sprint3/revised/CAFKU_0096_20240804_1/metrics/CAFKU_0096_20240804_1_metrics.csv,/home/jovyan/work/Dry-shRub/shrub/Final/artifacts/labeling/shaver-lake/sprint3/revised/CAFKU_0096_20240804_1/Inventory/CAFKU_0096_20240804_1_inv.csv,/home/jovyan/work/Dry-shRub/shrub/Final/artifacts/labeling/shaver-lake/sprint3/revised/CAFKU_0096_20240804_1/Fuels/CAFKU_0096_20240804_1.tif,/home/jovyan/work/Dry-shRub/shrub/Final/artifacts/labeling/shaver-lake/sprint3/revised/CAFKU_0096_20240804_1/dtm/CAFKU_0096_20240804_1_dtm.tif,/home/jovyan/work/Dry-shRub/shrub/Final/artifacts/labeling/shaver-lake/sprint3/revised/CAFKU_0096_20240804_1/chm/CAFKU_0096_20240804_1_chm.tif,/home/jovyan/work/Dry-shRub/shrub/Final/artifacts/labeling/ptx_cache/shaver-lake/CAFKU_0096_20240804_1.ptx,12,3.867037759201145,1.0,,-8.67357005238244,-3.76659744624729,-8.67357005238244,-3.76659744624729,True,,297974.48276506073,4108363.4055063124,297974.7373676043,4108363.39922664,51.667955599725246,63.56227934046183
shaver-lake,CAFKU_0096_20240804_1,CAFKU_0096_20240804_1,20240804,2024-08-04,35,2.74552375941406,-4.24429354681766,0.389,0.227,0.2688054020359719,observed,1059,True,1.0,,1.0,uniform,/home/jovyan/work/Dry-shRub/shrub/Final/artifacts/labeling/shaver-lake/sprint3/revised/CAFKU_0096_20240804_1/Shrubs/CAFKU_0096_20240804_1.csv,sprint3_revised,revised,base,/home/jovyan/work/Dry-shRub/shrub/Final/artifacts/labeling/shaver-lake/sprint3/revised/CAFKU_0096_20240804_1,/home/jovyan/work/Dry-shRub/shrub/Final/artifacts/labeling/shaver-lake/sprint3/revised/CAFKU_0096_20240804_1/metrics/CAFKU_0096_20240804_1_metrics.csv,/home/jovyan/work/Dry-shRub/shrub/Final/artifacts/labeling/shaver-lake/sprint3/revised/CAFKU_0096_20240804_1/Inventory/CAFKU_0096_20240804_1_inv.csv,/home/jovyan/work/Dry-shRub/shrub/Final/artifacts/labeling/shaver-lake/sprint3/revised/CAFKU_0096_20240804_1/Fuels/CAFKU_0096_20240804_1.tif,/home/jovyan/work/Dry-shRub/shrub/Final/artifacts/labeling/shaver-lake/sprint3/revised/CAFKU_0096_20240804_1/dtm/CAFKU_0096_20240804_1_dtm.tif,/home/jovyan/work/Dry-shRub/shrub/Final/artifacts/labeling/shaver-lake/sprint3/revised/CAFKU_0096_20240804_1/chm/CAFKU_0096_20240804_1_chm.tif,/home/jovyan/work/Dry-shRub/shrub/Final/artifacts/labeling/ptx_cache/shaver-lake/CAFKU_0096_20240804_1.ptx,13,1.6889541525629204,1.0,,2.74552375941406,-4.24429354681766,2.74552375941406,-4.24429354681766,True,,297963.70009461074,4108367.193748172,297963.9544614064,4108367.1869898937,45.3550168434158,45.590769010654185
shaver-lake,CAFKU_0096_20240804_1,CAFKU_0096_20240804_1,20240804,2024-08-04,38,0.819516902321238,-5.21202334246219,0.36,0.144,0.2140948939383325,observed,353,True,1.0,,1.0,uniform,/home/jovyan/work/Dry-shRub/shrub/Final/artifacts/labeling/shaver-lake/sprint3/revised/CAFKU_0096_20240804_1/Shrubs/CAFKU_0096_20240804_1.csv,sprint3_revised,revised,base,/home/jovyan/work/Dry-shRub/shrub/Final/artifacts/labeling/shaver-lake/sprint3/revised/CAFKU_0096_20240804_1,/home/jovyan/work/Dry-shRub/shrub/Final/artifacts/labeling/shaver-lake/sprint3/revised/CAFKU_0096_20240804_1/metrics/CAFKU_0096_20240804_1_metrics.csv,/home/jovyan/work/Dry-shRub/shrub/Final/artifacts/labeling/shaver-lake/sprint3/revised/CAFKU_0096_20240804_1/Inventory/CAFKU_0096_20240804_1_inv.csv,/home/jovyan/work/Dry-shRub/shrub/Final/artifacts/labeling/shaver-lake/sprint3/revised/CAFKU_0096_20240804_1/Fuels/CAFKU_0096_20240804_1.tif,/home/jovyan/work/Dry-shRub/shrub/Final/artifacts/labeling/shaver-lake/sprint3/revised/CAFKU_0096_20240804_1/dtm/CAFKU_0096_20240804_1_dtm.tif,/home/jovyan/work/Dry-shRub/shrub/Final/artifacts/labeling/shaver-lake/sprint3/revised/CAFKU_0096_20240804_1/chm/CAFKU_0096_20240804_1_chm.tif,/home/jovyan/work/Dry-shRub/shrub/Final/artifacts/labeling/ptx_cache/shaver-lake/CAFKU_0096_20240804_1.ptx,14,1.3451978919355028,1.0,,0.819516902321238,-5.21202334246219,0.819516902321238,-5.21202334246219,True,,297965.82458690275,4108367.5575000276,297966.07899001136,4108367.550829686,44.74861718900502,49.13165001897141
shaver-lake,CAFKU_0096_20240804_1,CAFKU_0096_20240804_1,20240804,2024-08-04,39,6.75134476992244,-5.2644580681523,1.026,1.562,0.7051241324895079,observed,2208,True,1.0,,1.0,uniform,/home/jovyan/work/Dry-shRub/shrub/Final/artifacts/labeling/shaver-lake/sprint3/revised/CAFKU_0096_20240804_1/Shrubs/CAFKU_0096_20240804_1.csv,sprint3_revised,revised,base,/home/jovyan/work/Dry-shRub/shrub/Final/artifacts/labeling/shaver-lake/sprint3/revised/CAFKU_0096_20240804_1,/home/jovyan/work/Dry-shRub/shrub/Final/artifacts/labeling/shaver-lake/sprint3/revised/CAFKU_0096_20240804_1/metrics/CAFKU_0096_20240804_1_metrics.csv,/home/jovyan/work/Dry-shRub/shrub/Final/artifacts/labeling/shaver-lake/sprint3/revised/CAFKU_0096_20240804_1/Inventory/CAFKU_0096_20240804_1_inv.csv,/home/jovyan/work/Dry-shRub/shrub/Final/artifacts/labeling/shaver-lake/sprint3/revised/CAFKU_0096_20240804_1/Fuels/CAFKU_0096_20240804_1.tif,/home/jovyan/work/Dry-shRub/shrub/Final/artifacts/labeling/shaver-lake/sprint3/revised/CAFKU_0096_20240804_1/dtm/CAFKU_0096_20240804_1_dtm.tif,/home/jovyan/work/Dry-shRub/shrub/Final/artifacts/labeling/shaver-lake/sprint3/revised/CAFKU_0096_20240804_1/chm/CAFKU_0096_20240804_1_chm.tif,/home/jovyan/work/Dry-shRub/shrub/Final/artifacts/labeling/ptx_cache/shaver-lake/CAFKU_0096_20240804_1.ptx,15,4.430425588995828,1.0,,6.75134476992244,-5.2644580681523,6.75134476992244,-5.2644580681523,True,,297960.16626271995,4108369.338163677,297960.4205439663,4108369.3312432994,41.78126116748899,39.700906610523816
shaver-lake,CAFKU_0096_20240804_1,CAFKU_0096_20240804_1,20240804,2024-08-04,44,-1.24227090475149,-7.74712583891188,0.378,0.176,0.2366908109081279,observed,148,True,1.0,,1.0,uniform,/home/jovyan/work/Dry-shRub/shrub/Final/artifacts/labeling/shaver-lake/sprint3/revised/CAFKU_0096_20240804_1/Shrubs/CAFKU_0096_20240804_1.csv,sprint3_revised,revised,base,/home/jovyan/work/Dry-shRub/shrub/Final/artifacts/labeling/shaver-lake/sprint3/revised/CAFKU_0096_20240804_1,/home/jovyan/work/Dry-shRub/shrub/Final/artifacts/labeling/shaver-lake/sprint3/revised/CAFKU_0096_20240804_1/metrics/CAFKU_0096_20240804_1_metrics.csv,/home/jovyan/work/Dry-shRub/shrub/Final/artifacts/labeling/shaver-lake/sprint3/revised/CAFKU_0096_20240804_1/Inventory/CAFKU_0096_20240804_1_inv.csv,/home/jovyan/work/Dry-shRub/shrub/Final/artifacts/labeling/shaver-lake/sprint3/revised/CAFKU_0096_20240804_1/Fuels/CAFKU_0096_20240804_1.tif,/home/jovyan/work/Dry-shRub/shrub/Final/artifacts/labeling/shaver-lake/sprint3/revised/CAFKU_0096_20240804_1/dtm/CAFKU_0096_20240804_1_dtm.tif,/home/jovyan/work/Dry-shRub/shrub/Final/artifacts/labeling/shaver-lake/sprint3/revised/CAFKU_0096_20240804_1/chm/CAFKU_0096_20240804_1_chm.tif,/home/jovyan/work/Dry-shRub/shrub/Final/artifacts/labeling/ptx_cache/shaver-lake/CAFKU_0096_20240804_1.ptx,16,1.487172225442371,1.0,,-1.24227090475149,-7.74712583891188,-1.24227090475149,-7.74712583891188,True,,297968.5362103454,4108369.380828953,297968.7906473883,4108369.374263037,41.709561605006456,53.651078980532475
shaver-lake,CAFKU_0096_20240804_1,CAFKU_0096_20240804_1,20240804,2024-08-04,45,0.244675705403309,-7.74785734950716,0.498,0.208,0.2573100393032274,observed,312,True,1.0,,1.0,uniform,/home/jovyan/work/Dry-shRub/shrub/Final/artifacts/labeling/shaver-lake/sprint3/revised/CAFKU_0096_20240804_1/Shrubs/CAFKU_0096_20240804_1.csv,sprint3_revised,revised,base,/home/jovyan/work/Dry-shRub/shrub/Final/artifacts/labeling/shaver-lake/sprint3/revised/CAFKU_0096_20240804_1,/home/jovyan/work/Dry-shRub/shrub/Final/artifacts/labeling/shaver-lake/sprint3/revised/CAFKU_0096_20240804_1/metrics/CAFKU_0096_20240804_1_metrics.csv,/home/jovyan/work/Dry-shRub/shrub/Final/artifacts/labeling/shaver-lake/sprint3/revised/CAFKU_0096_20240804_1/Inventory/CAFKU_0096_20240804_1_inv.csv,/home/jovyan/work/Dry-shRub/shrub/Final/artifacts/labeling/shaver-lake/sprint3/revised/CAFKU_0096_20240804_1/Fuels/CAFKU_0096_20240804_1.tif,/home/jovyan/work/Dry-shRub/shrub/Final/artifacts/labeling/shaver-lake/sprint3/revised/CAFKU_0096_20240804_1/dtm/CAFKU_0096_20240804_1_dtm.tif,/home/jovyan/work/Dry-shRub/shrub/Final/artifacts/labeling/shaver-lake/sprint3/revised/CAFKU_0096_20240804_1/chm/CAFKU_0096_20240804_1_chm.tif,/home/jovyan/work/Dry-shRub/shrub/Final/artifacts/labeling/ptx_cache/shaver-lake/CAFKU_0096_20240804_1.ptx,17,1.6167266583398407,0.9999999999999998,,0.244675705403309,-7.74785734950716,0.244675705403309,-7.74785734950716,True,,297967.1142024429,4108369.815320037,297967.36860898207,4108369.8086913624,40.98551439587027,51.2810149701545
shaver-lake,CAFKU_0096_20240804_1,CAFKU_0096_20240804_1,20240804,2024-08-04,48,-3.26364126974309,-8.76149383804178,0.419,0.194,0.2484997342446373,observed,297,True,1.0,,1.0,uniform,/home/jovyan/work/Dry-shRub/shrub/Final/artifacts/labeling/shaver-lake/sprint3/revised/CAFKU_0096_20240804_1/Shrubs/CAFKU_0096_20240804_1.csv,sprint3_revised,revised,base,/home/jovyan/work/Dry-shRub/shrub/Final/artifacts/labeling/shaver-lake/sprint3/revised/CAFKU_0096_20240804_1,/home/jovyan/work/Dry-shRub/shrub/Final/artifacts/labeling/shaver-lake/sprint3/revised/CAFKU_0096_20240804_1/metrics/CAFKU_0096_20240804_1_metrics.csv,/home/jovyan/work/Dry-shRub/shrub/Final/artifacts/labeling/shaver-lake/sprint3/revised/CAFKU_0096_20240804_1/Inventory/CAFKU_0096_20240804_1_inv.csv,/home/jovyan/work/Dry-shRub/shrub/Final/artifacts/labeling/shaver-lake/sprint3/revised/CAFKU_0096_20240804_1/Fuels/CAFKU_0096_20240804_1.tif,/home/jovyan/work/Dry-shRub/shrub/Final/artifacts/labeling/shaver-lake/sprint3/revised/CAFKU_0096_20240804_1/dtm/CAFKU_0096_20240804_1_dtm.tif,/home/jovyan/work/Dry-shRub/shrub/Final/artifacts/labeling/shaver-lake/sprint3/revised/CAFKU_0096_20240804_1/chm/CAFKU_0096_20240804_1_chm.tif,/home/jovyan/work/Dry-shRub/shrub/Final/artifacts/labeling/ptx_cache/shaver-lake/CAFKU_0096_20240804_1.ptx,18,1.5613698790439374,1.0,,-3.26364126974309,-8.76149383804178,-3.26364126974309,-8.76149383804178,True,,297970.7655211567,4108369.7613694747,297971.019996327,4108369.754895843,41.07517359405756,57.36666054499801
shaver-lake,CAFKU_0096_20240804_1,CAFKU_0096_20240804_1,20240804,2024-08-04,54,4.20829182172321,-10.7462605289765,0.204,0.157,0.2235501110061347,observed,114,True,1.0,,1.0,uniform,/home/jovyan/work/Dry-shRub/shrub/Final/artifacts/labeling/shaver-lake/sprint3/revised/CAFKU_0096_20240804_1/Shrubs/CAFKU_0096_20240804_1.csv,sprint3_revised,revised,base,/home/jovyan/work/Dry-shRub/shrub/Final/artifacts/labeling/shaver-lake/sprint3/revised/CAFKU_0096_20240804_1,/home/jovyan/work/Dry-shRub/shrub/Final/artifacts/labeling/shaver-lake/sprint3/revised/CAFKU_0096_20240804_1/metrics/CAFKU_0096_20240804_1_metrics.csv,/home/jovyan/work/Dry-shRub/shrub/Final/artifacts/labeling/shaver-lake/sprint3/revised/CAFKU_0096_20240804_1/Inventory/CAFKU_0096_20240804_1_inv.csv,/home/jovyan/work/Dry-shRub/shrub/Final/artifacts/labeling/shaver-lake/sprint3/revised/CAFKU_0096_20240804_1/Fuels/CAFKU_0096_20240804_1.tif,/home/jovyan/work/Dry-shRub/shrub/Final/artifacts/labeling/shaver-lake/sprint3/revised/CAFKU_0096_20240804_1/dtm/CAFKU_0096_20240804_1_dtm.tif,/home/jovyan/work/Dry-shRub/shrub/Final/artifacts/labeling/shaver-lake/sprint3/revised/CAFKU_0096_20240804_1/chm/CAFKU_0096_20240804_1_chm.tif,/home/jovyan/work/Dry-shRub/shrub/Final/artifacts/labeling/ptx_cache/shaver-lake/CAFKU_0096_20240804_1.ptx,19,1.404606772892111,1.0,,4.20829182172321,-10.7462605289765,4.20829182172321,-10.7462605289765,True,,297964.1978637209,4108373.839604302,297964.4521790412,4108373.8328288323,34.27861861232668,46.420298402081244
